firstName|lastName|positionType|origin|destination
Kamren|Washington|Defense|Sam Houston State|Memphis
Xavier|Hamlett|Defense|Nevada|
Ivan|Escobar|Defense|New Mexico State|
AJ|Toney|Offense|Samford|Middle Tennessee
Andrew|Robison|DUAL|Nicholls|Florida International
CamRon|Jackson|Defense|Memphis|Memphis
Davion|Ross|ATH|Eastern Kentucky|Memphis
Kobe|Baynes|Offense|Louisville|Kansas
Sammy|Solomon|Defense|UMass|Misericordia
Joel|Williams|Defense|Kentucky|Memphis
Micah|Davis|Offense|Air Force|Iowa Western C.C.
Eyabi|Anoma|Defense|UT Martin|Michigan
Malachi|Burns|Offense|Missouri Western State|Middle Tennessee
Jalen|Hampton|Offense|Virginia Tech|Elon
Jerrell|Boykins Jr.|Defense|Louisiana Tech|Hutchinson C.C.
Samari|Collier|DUAL|Illinois|
Jahzion|Harris|Defense|Texas A&M|Rutgers
Dajeun|Gibson|Defense|Middle Tennessee|
Luke|Collinsworth|Offense|Cincinnati|
Beau|Allen|Offense|Kentucky|Tarleton State
Malachi|Ledbetter|Defense|Simon Fraser|Washington State
Christian|Pedersen|Offense|Louisville|
Isaiah|Johnson|Defense|Dartmouth|Syracuse
George|Reid|Defense|Temple|
Jalil|Muhammad|Offense|Arkansas State|
Malik|Feaster|Defense|Jacksonville State|Florida State
Spencer|Arceneaux|Offense|Nebraska|
Markese|Stepp|Offense|Nebraska|
J'Marick|Woods|Defense|Duke|
Tyler|Baron|Defense|Tennessee|
Omar|Sims|Defense|Jacksonville State|
Amarius|Mims|Offense|Georgia|
Jacobe|Covington|Defense|Washington|USC
Grant|Laws|Defense|UMass|Bucknell
Patrick|Maddox|Defense|Utah State|
James|Ziglor III|Offense|Vanderbilt|Buffalo
Kyle|Mann|Defense|Alabama|Alabama A&M
Elisha|Guidry|Defense|UCLA|San José State
Malik|Williams|Offense|Wyoming|San José State
Mordecai|McDaniel|Defense|Florida|
Demarkcus|Bowman|Offense|Florida|UCF
Dominick|Puni|Offense|Central Missouri State|Kansas
Cameron|Kinnie|Offense|Georgia|UCF
Damian|Jackson|Defense|Nebraska|Buffalo
Fred|Martin|Defense|Oregon State|
Josh|Brown|Defense|Troy|
Ray|Embry|Offense|East Central|Buffalo
Louie|Cresto|Defense|Oregon|Nevada
D.J.|Williams|Offense|Florida State|Arizona
Jaylen|Moody|Defense|Alabama|
Fenley|Graham|Defense|Florida|
KD|Davis|Defense|North Texas|North Texas
Max|Johnson|Offense|LSU|Texas A&M
Stone|Eby|Defense|SMU|
Austin|Beier|Offense|Minnesota|
Levi|Bell|Defense|Louisiana Tech|Texas State
Devyn|King|Defense|Maryland|Hawai'i
Jacob|Skobis|Defense|Washington State|
Jabar|Triplett|Defense|Arizona|
Colby|Powers|Offense|Arizona|
Kanan|Ray|Offense|Colorado|Tulane
Ian|Kipp|Offense|Kent State|
Noah|Potter|Defense|Ohio State|Cincinnati
John|Brekke|Offense|Holy Cross|Miami (OH)
John Wesley|Kennedy III|Offense|Georgia Southern|
Monte'|McGary|Defense|Utah State|Kansas
Edward|Haralson|Defense|Louisiana Monroe|
Alex|Zayed|Defense|Louisiana Tech|
Kyle|Helbig|Offense|Colorado State|
Colby|Richardson|Defense|LSU|LSU
Jayson|Jones|Defense|Oregon|Auburn
Anthony|Whigan|Offense|Penn State|Akron
Dorian|Gerald|Defense|Arkansas|
Jashon|Watkins|ATH|Memphis|
Ryan|Glover|Offense|California|Memphis
Henry|Chibueze|Defense|Liberty|Maryland
Colton|Fitzgerald|Offense|Boise State|Georgia Southern
King|Mwikuta|Defense|Alabama|Arkansas State
Desmyn|Baker|Defense|Rice|Western Kentucky
DJ|James|Defense|Oregon|Auburn
Jonathan|Mann|Offense|Minnesota|
TJ|Lockley|Offense|East Carolina|Jacksonville State
Ramon|Jefferson|Offense|Sam Houston State|Kentucky
Jojuan|Claiborne|Defense|Nevada|
Kyle|McNamara|Offense|Western Kentucky|
Parker|Eichenberger|Offense|Houston|
Jeremy|Tate|Offense|Memphis|
Alex|Adams|Offense|LSU|Akron
West|Weeks|ATH|Virginia|LSU
Ke'Andre|Collins|Offense|Central Michigan|
Montae|Maxwell|Defense|Georgia Southern|
Jamel|Thomas|Offense|South Alabama|
Jacques|Wilson|Defense|BYU|
Jahmal|Sam|Defense|UT San Antonio|
Josh|Tracey|Offense|Connecticut|
Micah|Lopez|Defense|Washington State|
Erick|Young|Defense|Texas A&M|Blinn College
Josh|Moore|Defense|UCLA|Florida Atlantic
Gaberiel|Fuster|Defense|Liberty|
Deron|Harrell|Defense|Wisconsin|
Daniel|Carson|Defense|Georgia Tech|Georgia Tech
Andre|Seldon|Defense|Michigan|New Mexico State
Ricky|Pearsall|Offense|Arizona State|Florida
Kendall|Smith|Defense|Illinois|
James|Hansen|Defense|Utah State|
Wesley|Walker|Defense|Georgia Tech|Tennessee
Jarek|Broussard|Offense|Colorado|Michigan State
Thomas|Shelmire|Offense|SMU|
Marcel|Murray|Offense|Arkansas State|Arkansas State
Chance|Bates|Defense|Kennesaw State|East Carolina
Christopher|Thomas|Defense|Florida|
Fortune|Woods|Defense|Bowling Green|
DeJuan|Ellis|Offense|Maryland|Rhode Island
Grayson|Cook|Defense|Air Force|
Larry|Robbins|Defense|Buffalo|
Tim|Baldwin Jr.|Offense|Indiana|UMass
Ronnie|Stevenson|Offense|Temple|
Tyree|Saunders|Offense|East Carolina|
Nicholas|Sheetz|Defense|Washington State|
Charlie|Jones|Offense|Iowa|Purdue
Cole|Harrity|Offense|New Mexico State|Buffalo
Hunter|Kaupiko|Defense|San Diego State|
Lamin|Touray|Defense|Nevada|
Daryl|Porter|Defense|West Virginia|Miami
Marcus|Hooker|Defense|Ohio State|Youngstown State
Andrew|Parker|Defense|Arkansas|Appalachian State
Elijah|Eberhardt|Defense|Bowling Green|
Evan|Lovell|Offense|Rhode Island|Texas State
David|Abiara|Defense|Texas|SMU
AJ|Beatty|Offense|North Carolina|Albany
Dillon|Harris|Defense|Connecticut|
Devin|Taylor|Defense|Virginia Tech|Bowling Green
Donavann|Collins|Defense|TCU|
Iverson|Clement|Offense|Temple|Temple
Eric|Randall|Defense|Memphis|
Caden|Clark|Offense|Alabama|Akron
Jaylen|Rivers|ATH|Northwestern|
Andre|Turrentine|Defense|Ohio State|Tennessee
Izaiah|Kelley|Defense|SMU|Abilene Christian
Robert|Ferrel|Offense|Incarnate Word|Washington State
Bucky|Williams|Offense|Appalachian State|Appalachian State
Sean|Ryan|Offense|West Virginia|Rutgers
Javian|Hester|Offense|Missouri|Oklahoma
Trent|Davis|Offense|Duke|
Kingsley|Suamataia|Offense|Oregon|BYU
Chase|Kline|Defense|Michigan State|Eastern Michigan
Lloyd|Summerall|Defense|Florida|Florida
Nicholas|Edwards|Offense|Tennessee|UT Martin
Reid|Pulliam|Defense|Virginia Tech|Holmes C.C.
Koby|Gross|Offense|Florida State|
Aric|Horne|Defense|Iowa State|Florida A&M
Damarius|Good|Offense|UCF|
JaKorey|Hawkins|Defense|Ole Miss|Wyoming
Chauncey|Moore|Defense|Temple|Alabama State
Ahman|Ross|Defense|Florida Atlantic|
Davis|Beville|Offense|Pittsburgh|Oklahoma
Tyrone|Brown|Defense|Baylor|
Carlin|Fils-aime|Offense|Tennessee|
AJ|Watts|Defense|Akron|
Tyler|Page|Offense|SMU|Appalachian State
Micah|Mariteragi|Offense|Virginia|
Corey|Rucker|Offense|Arkansas State|South Carolina
Darrius|Smith|Offense|Arizona|
Ke'Andre|Street|Offense|Houston|
Jared|Wilson|Offense|South Alabama|
Dennis|Osagiede|Defense|Stephen F. Austin|Liberty
Jordon|Riley|Defense|Nebraska|Oregon
Grant|Gunnell|Offense|Memphis|North Texas
Shai|Kochav|LS|Arkansas State|Louisville
Kyren|Lacy|Offense|Louisiana|LSU
Kyle|Dobbins|Offense|Temple|Western Illinois
Demetrius|Cannon|Offense|Louisville|
Darrian|Felix|Offense|South Florida|
Ethan|Rinke|Defense|South Alabama|
Justin|Isler|Defense|Appalachian State|
Edward|Bautista|Defense|North Texas|
Clyde|Pinder Jr.|Defense|North Carolina|South Florida
Justin|Harris|Defense|Georgia Southern|
Nasir|Clerk|Defense|East Carolina|
Wesley|McCormick|Defense|James Madison|West Virginia
Lonnie|Phelps|Defense|Miami (OH)|Kansas
RJ|Adams|Offense|Kentucky|Georgia Tech
Quavaris|Crouch|Defense|Michigan State|
Carson|Lee|Offense|Colorado|
Kyler|Baugh|Defense|Houston Christian|Minnesota
Donte|Small|Defense|Appalachian State|
J'Vian|McCray|Defense|East Carolina|Austin Peay
Hayden|Hagler|Offense|Marshall|
Logan|Sagapolu|Offense|Oregon|Miami
James|Thomas|Defense|West Virginia|
Zeb|Noland|Offense|North Dakota State|South Carolina
Taron|Madison|Offense|Oregon State|
Deonte|Sheffield|Offense|Florida State|West Florida
Jeremiah|Payton|Offense|Miami|
Loyal|Crawford|Offense|Wisconsin|
Tenyeh|Dixon|Defense|Virginia|Elizabeth City State
Jason|Whittaker|Offense|Northwestern|
Joe|Sparacio|Defense|Boston College|Eastern Michigan
Willie|Reid|Defense|Central Michigan|
Cameron|Williams|Defense|Miami|
Pedro|Timoteo|Offense|Fresno State|Portland State
Parker|Rickert|Offense|Iowa State|
Kani|Walker|Defense|Louisville|Oklahoma
Christian|Malloy|Offense|Coastal Carolina|
Greg|Grate Jr|ATH|Middle Tennessee|
Kyjuan|Herndon|ATH|Colorado State|Colorado State
Jack|Zergiotis|Offense|Connecticut|Merrimack
Ethan|Bullock|Offense|Oklahoma State|
Daran|Branch|Defense|Georgia|
Jaylon|Robinson|Offense|UCF|Ole Miss
Ja'Varrius|Johnson|Offense|Auburn|Auburn
DeAmonte|King|ATH|Toledo|
Brandon|Campbell|Offense|USC|Houston
Liridon|Mujezinovic|Offense|Maryland|
Vidal|Scott|Defense|Arkansas State|
Cole|Spencer|Offense|Western Kentucky|Texas Tech
Eric|Gentry|Defense|Arizona State|USC
TQ|Jackson|Defense|SMU|
Clay|Millen|Offense|Nevada|Colorado State
Josh|Hardeman|Defense|Marshall|
Myles|Tapusoa|Defense|Arizona|
Cameron|Williams|Defense|Indiana|
Drake|Cheatum|Defense|Prairie View|Kansas State
Demond|Demas|Offense|Texas A&M|
Reese|Poffenbarger|Offense|Old Dominion|
Charlie|Stone|Offense|Rice|
Eddie|Watkins|Defense|West Virginia|
Jahaziel|Lee|Offense|Utah State|
Dink|Jackson|Defense|Ole Miss|
Jackie|Matthews|Defense|West Virginia|Mississippi State
Latavious|Brini|Defense|Georgia|Arkansas
Cody|Jackson|Offense|Oklahoma|Houston
Jaylen|Lane|Defense|UNLV|
Clinton|Anokwuru|Defense|Louisiana|
Latrell|Neville|Offense|Nebraska|North Texas
Darrell|Simpson|Offense|Oklahoma|Tulsa
Deondre|Dansby|Defense|Houston|
Sampson|James|Offense|Purdue|
Xavier|Smith|Offense|Eastern Michigan|
Chalon|Howard|Defense|Georgia Southern|
Bryce|Ramsey|Offense|Ole Miss|Southern Mississippi
Will|Pliska|Offense|Washington|
Jack|Stewart|Defense|Michigan|
Jalen|Johnson|Offense|Arizona|
Blake|DeBisschop|Offense|California|
Ollie|Finch|Offense|Troy|
Parks|Gissinger|Offense|Michigan State|
Bryce|Sheppert|Defense|Notre Dame College|
Will|Nixon|Offense|Nebraska|Washington
Antoine|Booth|Defense|Michigan State|
Quinton|Torbor|Offense|Mississippi State|Alabama State
Anthony|Torres|Offense|Western Michigan|Toledo
Theodore|Knox|Offense|Mississippi State|SMU
Andy|Buttrell|Offense|Indiana|
Keon|Voisin|Defense|South Alabama|
Jackson|Bailey|Defense|Arizona|Louisiana Monroe
Devon|Dickerson|Defense|Maryland|
Julian|Nixon|Offense|Tennessee|
Answer|Gaye|Defense|Iowa State|
James|Phillips|Offense|Western Michigan|
Bryce|Goodner|Offense|Virginia Tech|Chattanooga
Jared|Morrow|Offense|Coastal Carolina|
Will|Bowers|DUAL|Liberty|
Troy|Henderson|Offense|Liberty|
Ivan|Shultz|Offense|Troy|
Seth|Smith|Offense|Marshall|
Tre'von|Marshall|Defense|Mississippi State|
Brady|Feeney|Offense|Indiana|Colgate
James|McNorton|Offense|Washington State|San José State
Melquan|Stovall|Offense|Nevada|Colorado State
MJ|Anderson|Defense|Minnesota|Iowa State
Marcus|Washington|Offense|Texas|Nebraska
Kamo'i|Latu|Defense|Utah|Wisconsin
Steven|Krajewski|Offense|Connecticut|Georgia State
Joshua|Rawlings|Offense|Virginia|
JT|Daniels|Offense|Georgia|West Virginia
Kody|Case|Offense|South Dakota|Illinois
Jay|Shaw|Defense|UCLA|Wisconsin
Cam|Sullivan-Brown|Offense|Penn State|UMass
Derrick|Miller|Defense|Iowa State|
Kamryn|Farrar|Defense|Oklahoma State|SMU
Alston|Orji|Defense|Vanderbilt|Campbell
Kody|Sparks|Offense|Bowling Green|
Ja'Maurion|Franklin|Defense|East Carolina|
Mike|Smith|Defense|Appalachian State|
Stephon|Wynn|Defense|Alabama|Nebraska
Christian|Galvan|Offense|Drake|Drake
Chris|Cassidy|Offense|North Texas|
Luke|Knox|Defense|Ole Miss|Florida International
Katravis|Marsh|Offense|South Florida|South Florida
Kalvin|Hutchings|Defense|North Texas|
Chaton|Mobley|Offense|Middle Tennessee|
Jordan|Wilmore|Offense|Fresno State|
Monterio|Hunt|Offense|Rutgers|Alcorn State
Brian|Maurer|Offense|Tennessee|Stephen F. Austin
Jonathan|Haynes|Defense|Ole Miss|
James|Ash|Defense|Wake Forest|South Florida
Khamal|Ellison|Defense|Florida|
Moezies|Telfort|Defense|Florida A&M|
Malik|Hornsby|Offense|Arkansas|
Dylan|Robinson|Offense|Houston|Trinity Valley C.C.
Trent|Holler|Offense|East Carolina|Marshall
Tommy|DeVito|Offense|Syracuse|Illinois
Jermayne|Lole|Defense|Arizona State|Louisville
Khaya|Wright|Defense|Georgia Tech|Florida International
Devin|Drew|Defense|Texas Tech|Nebraska
Will|Albright|Defense|Tennessee|
Thor|Canales|Defense|Arizona|
Isaiah|Land|Defense|Florida A&M|Florida A&M
Kenny|Bennett|Defense|Maryland|Georgia Tech
Patrick|Jolly|Defense|UCLA|Abilene Christian
Maurice|Freeman|Defense|Indiana|Liberty
Cooper|Darling|Offense|Oregon State|
Sean|Berry|Defense|UT San Antonio|
James|Ohonba|Offense|Michigan State|Louisiana
Zion|Keith|Defense|Wake Forest|
Tayvian|Cunningham|Offense|Arizona|
Je'Mari|Littlejohn|Defense|Appalachian State|
Ian|Hover|Offense|Campbell|Texas State
Marcus|Haskins|Defense|Liberty|Appalachian State
Dee|Beckwith|Offense|Tennessee|Kentucky
Isaiah|Johnson|Defense|Dartmouth|Syracuse
Nadir|Thompson|Defense|Virginia Tech|
Majik|Rector|Offense|Kansas|Central Arkansas
Matt|Polk|Offense|Oklahoma State|
Jaren|Handy|Defense|Indiana|
Isaiah|Winstead|Offense|Toledo|East Carolina
Danny|Corbett|Offense|Campbell|Georgia Southern
Sione|Finau|Offense|BYU|
Dajon|Harrison|Offense|Texas|Connecticut
Marvin|Grant|Defense|Purdue|Kansas
Ma'a|Gaoteote|Defense|Michigan State|
Joachim|Bangda|Offense|Kent State|
Matt|Rosso|Offense|Rutgers|
Leon|Williams|Defense|Kent State|
Hunter|Nabers|Defense|Fresno State|
Chevy|Brenson|Offense|Ball State|
Ethan|Ingram|Offense|Marshall|Georgia Southern
Stacy|Kirby|Defense|South Florida|
Jordan|Young|Offense|Florida State|Florida Atlantic
Cruz|Temple|Defense|East Carolina|Arkansas State
Myles|Cole|Defense|Louisiana Monroe|Texas Tech
Tye|Evans|Offense|Ball State|
Toryque|Bateman|Offense|Troy|
Kelvontay|Dixon|Offense|Texas|SMU
Kamarro|Edmonds|Offense|North Carolina|East Carolina
Andrew|Peasley|Offense|Utah State|Wyoming
Ja'Corey|Hammett|Defense|West Virginia|
Reginald|Neely|Defense|Tulane|
Emmit|Bohle|Offense|Northern State|Arizona State
Russell|Thompson-Bishop|Offense|Syracuse|
Javon|Baker|Offense|Alabama|UCF
Anthony|Nelson|WDE|Harvard|Duke
Sean|Tucker|Defense|East Carolina|Towson
Benjamin|Key|Defense|Missouri|
Ben|Bell|Defense|Louisiana Tech|
JaMichael|Thompson|Offense|Middle Tennessee|
Shemar|Thornton|ATH|Florida International|Northern Illinois
Dylan|Davis|Offense|Furman|Illinois
CJ|Harris|Defense|Arkansas State|
Tyrone|Brown|Defense|Baylor|
Billy|Edwards|Offense|Wake Forest|Maryland
Christopher|Houston|Offense|Charlotte|
Jaret|Frantz|Offense|Ball State|Toledo
Cole|Joyce|Defense|UCF|
Kobe|Lewis|Offense|Central Michigan|Purdue
De'Rickey|Wright|Defense|Vanderbilt|
Bryson|Broadway|Offense|Eastern Illinois|Georgia State
James|Graham|Offense|Georgia Southern|
Robert|McWilliams|Defense|Purdue|Purdue
Malcolm|Terry|Offense|Navy|
Nick|Okeke|Defense|Louisville|Southern Illinois
Antonio|Oliver|Defense|New Mexico State|
Dorian|Plumley|Defense|Oklahoma|
Eleasah|Anderson|Offense|Sam Houston State|Western Michigan
Avarius|Sparrow|Offense|West Virginia|Middle Tennessee
Willie|Allen|Offense|UMass|
Kienen|Gaskin|Defense|Kansas State|
Christian|Gonzalez|Defense|Colorado|Oregon
Jonah|Morris|Offense|Northern Colorado|Illinois
Corey|Kiner|Offense|LSU|Cincinnati
Trevor|Appelman|Offense|New Mexico State|
Mario|Williams|Offense|Oklahoma|USC
Collin|Westfelt|LS|Georgia State|Troy
Lonyatta|Alexander|Offense|Arizona State|Washington
Jerwuan|Thomas|Defense|Ball State|
Jaymar|Mundy|Defense|Miami (OH)|
Hunter|Washington|Defense|Florida State|Mississippi State
Sam|Reynolds|Offense|South Carolina|
Terrell|Jennings|Defense|Minnesota State|Illinois
Kevin|Greene|Defense|North Texas|
Jordan|Mosley|Offense|Northwestern|Mississippi State
Cobe|Bryant|Offense|SMU|UNLV
Kasen|Kinchen|Defense|Washington|
Jarrett|Lucombe|Defense|Western Kentucky|
Jacob|Copeland|Offense|Florida|Maryland
Quentin|Bivens|Defense|Ole Miss|Southern Mississippi
Malik|Wesley|Offense|UNLV|
Andrew|Vaught|Offense|Toledo|
Malik|Williams|Defense|Nebraska|
James|Burns|Offense|Miami (OH)|
Gerry|Bohanon|Offense|Baylor|South Florida
J.J.|Woodin|PRO|North Dakota State|
Kevin|Schaeffer|Offense|Rutgers|
Joseph|Evans|Defense|LSU|UT San Antonio
Billy|Pospisil III|Offense|Washington State|Colorado Mines
Nathaniel|Peat|Offense|Stanford|Missouri
Marcus|Moore|Defense|Louisiana Monroe|
James|Lewis|Defense|New Mexico|
Robbie|Mangas|Offense|Dartmouth|Buffalo
Odua|Isibor|Defense|UCLA|California
Malik|Welch|Defense|San José State|McNeese
Damir|Collins|Offense|Oregon State|Idaho State
Upton|Stout|Defense|North Texas|Western Kentucky
Matt|Robinson|Offense|Illinois|Fresno State
Jahmin|Muse|Defense|Boston College|Buffalo
Austin|Weiner|Offense|Kansas State|Louisiana Monroe
Tim|Patrick|Offense|Utah State|
Shon|Brown|Defense|Coastal Carolina|Elon
Jalynn|Williams|Offense|Toledo|
Emmanuel|Belgrave|Defense|Pittsburgh|
Daymon|David|Defense|Oregon|Oregon
Jordan|Yates|Offense|Georgia Tech|Sam Houston State
Aaron|Washington|Defense|Bowling Green|
Lance|Robinson|Offense|Middle Tennessee|Houston
O'Tay|Baker|Defense|Hawai'i|
Devontae|Davis|Defense|South Carolina|
Hamze|Elzayat|Offense|Fordham|Eastern Michigan
Jordan|Domineck|Defense|Georgia Tech|Arkansas
E.J.|Porter|Defense|Coastal Carolina|
Austin|Reed|Offense|West Florida|Western Kentucky
Xavier|Carlton|Defense|Utah|California
Dematrius|Davis|Offense|Auburn|Alabama State
Evan|Olaes|Offense|Colorado State|
Takulve|Williams|Offense|Kansas|Northern Iowa
Donovan|Manuel|Defense|East Tennessee State|Florida International
Cedric|Hillsman|Defense|Ohio|
Allen|Horace|Offense|UT San Antonio|Navarro College
Will|Honas|Defense|Nebraska|Kansas State
Richard|West|Offense|Texas A&M Commerce|Texas State
Rahmod|Smith|Offense|Florida Atlantic|
Eric|Reed|Defense|Auburn|Georgia Tech
Raiqwon|O'Neal|Offense|Rutgers|UCLA
Chris|Akporoghene|Offense|Tennessee|Tulsa
Kajuan|Robinson|Defense|Memphis|
Brennan|Sweeney|Defense|Iowa|
Ryan|Peppins|Offense|Utah|
Luke|Soto|Offense|UTEP|
Stone|Hollenbach|Offense|Alabama|Western Michigan
LV|Bunkley-Shelton|Offense|Arizona State|Oklahoma
Jahkeem|Green|Defense|South Carolina|Florida Atlantic
Kai-Leon|Herbert|Offense|Miami|
Marquez|Beason|Defense|Illinois|Alabama A&M
Jayhvion|Gipson|Defense|TCU|
Ken|Torain|Defense|Duke|
Jarrick|Bernard|Defense|Oklahoma State|LSU
Casey|Rogers|Defense|Nebraska|Oregon
Jessie|Parson III|Offense|Rutgers|
Eldrick|Robinson II|Defense|Georgia Southern|Wake Forest
Ezra|Dotson-Oyetade|Offense|Arizona State|TCU
Braedon|Wissler|Offense|Utah|
Jayden|Daniels|Offense|Arizona State|LSU
Jordan|Rucker|Defense|North Texas|
Jalen|Curry|Offense|Arizona|Buffalo
Cornelius|Dyson|ATH|Tulane|
Jonnie|Pitman|Defense|Charlotte|
Re-al|Mitchell|Offense|Temple|San Diego
Kamren|Blanton|Defense|UNLV|
Charles|Brown|Offense|Montana State|Texas State
Ty|Lindenman|Offense|Illinois|
Akheem|Mesidor|Defense|West Virginia|Miami
Matthew|Duncan|Offense|Temple|Trinity Valley C.C.
Dylan|Walker|Offense|Colorado State|
Joey|Yellen|Offense|Pittsburgh|Hawai'i
Myron|Warren|Defense|Texas|Texas State
Corey|Robinson II|Offense|Kansas|Georgia Tech
AJ|Davis|Offense|UAB|
Sione|Veikoso|Offense|Arizona State|
Stacy|Brown|Defense|Missouri|
A.J.|Lytton|Defense|Penn State|
Solomon|Turner|Defense|Hawai'i|Illinois
Jay|Hampton|Defense|Mississippi State|Southern Mississippi
Shawn|Gates|Defense|Utah State|
Tyus|Fields|Defense|Tennessee|
Artese|Gregory|Offense|Southern Utah|Buffalo
Donovan|Georges|Defense|Florida International|
Jamar|Simpson|Offense|San José State|Northwest Missouri State
Connor|Vasher|Offense|Savannah State|UMass
Nate|Thompson|Defense|Duke|Akron
Tylan|Morton|Offense|South Alabama|Southwestern Oklahoma
Ethan|Long|Offense|Arizona State|Abilene Christian
Jadarius|Thursby|Defense|SMU|Abilene Christian
Josh|Plohr|Offense|Illinois|
Gabe|Jeudy-Lally|Defense|Vanderbilt|BYU
Dayne|Shor|Offense|Alabama|Connecticut
Kaymar|Mimes|Offense|Pittsburgh|
Wistar|Allen|Defense|East Carolina|
Malik|Matthew|Defense|Syracuse|
Walter|Simmons III|Offense|East Carolina|Bethune-Cookman
CJ|Rogers|Offense|Baylor|Texas State
Jordan|Rhodes|Offense|Ole Miss|Arkansas State
Keitha|Jones|Offense|Tulane|
Dekalen|Goodson|Offense|Houston|
Javin|Burke|Defense|Virginia|
Ryan|Stapp|Defense|Abilene Christian|Minnesota
Zion|Childress|Defense|Texas State|Kentucky
Soni|Fonua|Defense|LSU|
Parker|Hughes|ATH|Middle Tennessee|
Brenden|Rice|Offense|Colorado|USC
Jarvis|Brownlee Jr.|Defense|Florida State|Louisville
Brock|Annexstad|Offense|Minnesota|
Evan|Tattersall|Defense|California|
Myles|Baker|Defense|Coastal Carolina|
Quinton|Lee|Defense|Arkansas State|
Evan|Henry|OG|Louisiana Monroe|Jackson State
Nusi|Malani|Defense|Virginia|Washington State
Jonah|Miller|Offense|Oregon|
Brian|Holloway|Defense|SMU|
Drayton|Charlton-Perrin|Offense|Ball State|
Peace|Addo|Offense|Duke|Temple
Gavin|Blunt|Offense|Akron|
Mason|Jolley|Defense|SMU|
Naquan|Reynolds|Defense|Marshall|
Trelon|Smith|Offense|Arkansas|UT San Antonio
Azizi|Hearn|Defense|Wyoming|UCLA
Cordarrius|Bailey|Defense|Iowa State|Northern Iowa
David|Reynolds|Defense|Florida International|
Omni|Wells|Offense|Mississippi State|South Alabama
Jamal|Bell|Offense|Louisiana|Louisiana
TJ|Session|Offense|Montana State|California
Carlos|Sandy|Offense|Illinois|
Eli'jah|Winston|Defense|USC|Nevada
K'Vaughan|Pope|Defense|Ohio State|
Willie|Tyler|Offense|Louisiana Monroe|Rutgers
Spencer|Curtis|Offense|Oregon|Nevada
Josh|White|Defense|LSU|Baylor
Jaelyn|Lay|Offense|Clemson|Alabama State
Kamryn|Waites|Offense|Louisiana|Florida
Will|Wallace|Offense|Tulane|
Troy|Brown|Defense|Central Michigan|Ole Miss
Tyriq|Hardimon|Defense|Wake Forest|
Gerrik|Vollmer|Offense|Old Dominion|
Kaine|Williams|Defense|Alabama|Nebraska
Henry|Parrish|Offense|Ole Miss|Miami
Jed|Castles|Offense|Texas Tech|Abilene Christian
Emery|Simmons|Offense|North Carolina|Indiana
Iesa|Jarmon|Defense|Cincinnati|Buffalo
Bobby|Holmes|Defense|Louisiana|
Troy|dela Vega|Offense|Utah State|
Sam|Pinckney|Offense|Georgia State|Coastal Carolina
Isaiah|Wright|Offense|Rutgers|Buffalo
Tai|Marks|Offense|Colorado State|
Jabari|Parker|Defense|Virginia Tech|
Jake|Bailey|Offense|Rice|SMU
Caylin|Newton|Offense|Auburn|
Brian|Ugwu|Defense|Rutgers|
Daylen|Gill|Defense|Ole Miss|Southern Mississippi
Zack|Merrill|Offense|Indiana|
RJ|Sneed|Offense|Baylor|Colorado
Quan|Easterling|ATH|Wisconsin|Duquesne
Emory|Jones|Offense|Florida|Arizona State
Hugh|Davis|Defense|Boston College|Louisiana Tech
Josh|Chandler|Defense|West Virginia|Colorado
Darius|Joiner|Defense|Western Illinois|Duke
Tyree|O'Neil|Offense|Buffalo|
Tyler|Steen|Offense|Vanderbilt|Alabama
Dalevon|Campbell|Offense|Illinois|Nevada
Jack|Burns|Offense|Cornell|Duke
Gary|Hoover|Offense|Ohio|
Nathan|Rawlins-Kibonge|Defense|Oklahoma|South Alabama
Coleon|Smith|Offense|Eastern Michigan|
Quincy|Patterson|Offense|North Dakota State|Temple
Jordan|Hornbeak|Offense|Fresno State|Northern Colorado
Aaron|McLaughlin|Offense|NC State|Jacksonville State
Desmond|Dan|Offense|Illinois|Southwest Minnesota State
Jared|Ivey|Defense|Georgia Tech|Ole Miss
Jason|Brooks|Offense|Vanderbilt|Oklahoma State
Kolby|White|Offense|Baylor|
Frederik|Antoine|Offense|Old Dominion|
Tre'Von|Morgan|Offense|Miami (OH)|
Earnest|Sanders|Offense|Kentucky|
Tyrone|Hopper|Defense|North Carolina|Missouri
Jordan|Brown|ATH|Kansas|Texas Tech
Chase|Monroe|Defense|Wake Forest|Charlotte
Devan|Barrett|Defense|Troy|
Michael|Mincey|ILB|Vanderbilt|Kennesaw State
Eli|Ricks|Defense|LSU|Alabama
Michael|DiLiello|Offense|Middle Tennessee|
Tyson|Thompson|Offense|Houston Christian|Rice
Peter|Costelli|Offense|Utah|Troy
Kylan|Watkins|Offense|Memphis|
Dar'jarri|Coleman|Defense|Jacksonville State|
Enoch|Nawahine|Offense|Utah State|
Gabriel|Murphy|Defense|North Texas|UCLA
Mari|Wingard|Defense|Elon|Georgia Southern
Weston|Reiman|Offense|Nebraska|
Marcel|Lewis|Defense|Central Michigan|
Patrick|Ballard|Offense|UNLV|Abilene Christian
Antonio|Montero|Defense|Rice|Villanova
Jakai|Torres|Offense|San José State|College of the Canyons
Cameron|Cooper|Offense|UTEP|
David|Afari|Offense|Miami (OH)|
Caleb|Fox|DT|Stephen F. Austin|TCU
Matt|Landers|Offense|Toledo|Arkansas
George|Takacs|Offense|Notre Dame|Boston College
Ryan|Thaxton|Defense|South Florida|
Naricuss|Driver|Offense|Southern Mississippi|Grambling
Chancellor|Bright|Offense|Marshall|
Corey|Wren|Offense|Florida State|TCU
Chance|Main|Defense|Incarnate Word|Colorado
Mason|Brotherton|Offense|Kansas|
Lincoln|Pare|Offense|Arkansas State|
Blake|Nelson|Offense|Louisville|
Ellison|Hubbard|Defense|Colorado State|Sam Houston State
Paul|Akere|WDE|Columbia|Virginia
Mazin|Richards|Defense|Eastern New Mexico|North Texas
Daemon|Hill|Defense|Central Michigan|Florida Atlantic
Chylon|Thomas|Offense|Charlotte|
Ja'Len|Sims|Defense|Memphis|
Nicario|Harper|Defense|Southern Mississippi|Louisville
Dontae|Lucas|Offense|Florida State|South Alabama
Zachary|Dixon|Defense|Georgia State|
William|Rogers|Defense|South Carolina|McNeese
Darrell|Jackson|Defense|Maryland|Miami
Garrett|Williams|Defense|Temple|Fordham
Velltray|Jefferson|Defense|Utah|Fresno State
Tyler|Brown|Offense|Louisiana|
Darius|Edmonds|Offense|Houston|
Jack|Buford|Offense|Arizona|Lindenwood University
Nick|Manson|Offense|Miami (OH)|
Michal|Antoine|Defense|Iowa State|Florida Atlantic
Kyle|Juergens|Offense|Boise State|Connecticut
Khali|Saunders|Defense|Purdue|
Sean|Pelkisson|Offense|Georgia Southern|
Kaylan|Wiggins|Offense|Florida International|
Jordon|Thomas|Defense|Texas|
Terrance|Marshall|Defense|Houston|Abilene Christian
Jordan|Robinson|Defense|Livingstone College|Kentucky
Alex|Nobles|ATH|North Carolina|
Ben|Renfro|Defense|Utah|
Clayton|Franks|Offense|Texas Tech|
Dorian|Hinton|Offense|Middle Tennessee|Florida Atlantic
Princeton|Pines|Offense|Sam Houston State|Tulane
Christian|Burkhalter|Defense|UCLA|Georgia Tech
Marcellus|Moore|Offense|Purdue|
Devin|Brumfield|Offense|Tulane|
Marquise|Freeman|Defense|Washington State|
Craig|McDonald|Defense|Iowa State|Auburn
Derrell|Bailey Jr.|Offense|Virginia Tech|South Florida
Josh|Landry|Defense|Baylor|Missouri
La'Dareyen|Craig|Defense|South Carolina|
Audley|Isaacs|Defense|Temple|Tarleton State
Chris|Childers|Offense|Indiana|San Diego
Teivis|Tuioti|Defense|Nevada|
Kristian|Williams|Defense|Oregon|
Elijah|Ball|Defense|Purdue|Eastern Illinois
Demaurez|Bellamy|Defense|South Florida|
CJ|Lewis|Offense|Boston College|Bowling Green
Lindsey|Scott|Offense|Nicholls|Incarnate Word
Clayton|Isbell|Defense|Illinois State|Utah
Eli|Fields|Offense|Florida Atlantic|
Kyron|Cumby|Offense|Texas Tech|
Ayodele|Adeoye|Defense|Texas|Sacramento State
Sterling|Miles|Defense|Cincinnati|
Darius|Bracy|Offense|Central Michigan|
Trent|Ward|Defense|North Texas|
Jakelyn|Morgan|Defense|Arizona|Louisiana Tech
Bryan|Robinson|Offense|Florida State|Marshall
Quinton|Cage|Defense|LSU|UT San Antonio
Rico|Powers|Offense|South Carolina|Jackson State
Marshall|Gill|Offense|VMI|New Mexico
Dmitri|Emmanuel|Offense|Charlotte|Florida State
Viliami|Tausinga|Defense|BYU|
Jordan|Addison|Offense|Pittsburgh|USC
DJ|Johnson|Defense|Illinois|Louisiana Tech
Tyler|Harrell|Offense|Louisville|Alabama
Ryan|Wills|Offense|Penn State|
Donald|Clea|Defense|Troy|
Cody|Goatley|Defense|Kentucky|Murray State
Tyler|Williams|LS|Washington State|
Jeminai|Leuta-Ulu|Offense|UNLV|
Jazston|Turnetine|Offense|South Carolina|Florida State
Parker|Navarro|Offense|UCF|Ohio
Da'Shawn|Elder|Defense|Virginia Tech|Middle Tennessee
Ja'Quez|Cross|Offense|Purdue|Arkansas State
Nick|Kargman|Offense|Western Michigan|Wagner
Jordan|Brunson|Offense|Virginia Tech|Miami (OH)
Ray|Rose|Offense|East Carolina|
Lorenzo|McCaskill|Defense|Louisiana|Kansas
Michael|Edwards|Defense|Georgia Southern|East Carolina
Zackary|Martin|Offense|Louisiana Monroe|Louisiana Monroe
Shamel|Lazarus|Defense|Connecticut|
Deondre|Doiron|Offense|Buffalo|Kansas
Ahmirr|Robinson|Offense|Rutgers|Texas State
Jacolby|Hewitt|Offense|Indiana|Florida International
Tyreke|Young|Defense|Temple|
Walter|Wilbon III|Offense|Ohio|Iowa Central C.C.
Dexter|Carter Jr.|Offense|Georgia Southern|
Brody|Wisecarver|Offense|Illinois|Tulsa
Jaxson|Dart|Offense|USC|Ole Miss
Darin|Turner|Offense|Arkansas|Alabama A&M
Andrew|Chatfield|Defense|Florida|Oregon State
Zeriah|Beason|Offense|Oregon State|Washington State
Nate|Adkins|Offense|East Tennessee State|South Carolina
Junior|Walling|Defense|Oregon State|
Kayode|Oladele|Defense|Memphis|
Cormontae|Hamilton|Defense|Ohio State|
Jeremiah|Frazier|Offense|Tennessee State|Troy
Trey|Adkins|Offense|South Carolina|Mercer
KJ|Trujillo|Defense|Wake Forest|
Michael|Lockhart|Defense|Georgia Tech|West Virginia
Darel|Middleton|Defense|West Virginia|
Quashon|Fuller|Defense|Florida State|Maryland
Ravontae|Holt|Defense|Wyoming|
Nadab|Joseph|Defense|Nebraska|
Steven|Losoya|Offense|Middle Tennessee|Mississippi State
Christian|Curatolo|Offense|Lehigh|Boston College
Tiaoalii|Savea|Defense|UCLA|Arizona
Jalik|Yancey|Defense|Eastern Michigan|
Tony|Wallace|Defense|TCU|UT San Antonio
Meki|Pei|Defense|Washington|
Kelsen|Hennessy|Defense|Oregon State|
Charles|Hicks|Defense|Wyoming|Missouri
Ryan|Keeler|Defense|Rutgers|
Deangelo|Gibbs|Offense|Tennessee|
Ja'Veon|Marlow|Offense|Vanderbilt|
Justin|Rogers|Offense|UNLV|
John|Brunner|Offense|North Texas|
Ridge|Jacobs|Offense|South Florida|
Dorian|Wesley|Defense|Toledo|
Kadyn|Roach|Offense|Louisiana Monroe|Southern Arkansas
Malik|Jackson|Offense|Maryland|
Daniel|Bushland|Offense|Texas A&M|
Jarrett|Preston|Defense|UT San Antonio|UT San Antonio
Desmond|Hutson|Offense|Iowa|
Ryan|Johnson|Defense|Stanford|Northwestern
Miles|Marshall|Offense|Indiana|Miami (OH)
Jadan|Blue|Offense|Temple|Virginia Tech
Jasir|Cox|Defense|North Dakota State|West Virginia
Jaquaez|Powell|Offense|East Carolina|
CJ|Jones|Offense|Western Kentucky|Western Kentucky
Tyrell|Robinson|Offense|Army|
Lorenza|Surgers|Defense|Vanderbilt|Minnesota
Myles|Cecil|Defense|Cal Poly|Vanderbilt
Cornelious|Brown|Offense|Georgia State|UT Martin
Detravion|Green|Defense|Arkansas State|Central Arkansas
Rickey|Hyatt|Defense|Kentucky|South Alabama
Chance|Lytle|Offense|Colorado|Duke
Jaquan|Amos|Defense|Iowa State|Ball State
Nikko|Remigio|Offense|California|Fresno State
Mekhi|Blackmon|Defense|Colorado|USC
Jaylin|Davies|Defense|Oregon|UCLA
Tyrik|McDaniel|ATH|Old Dominion|
Marshawn|Buchanan|Offense|Washington State|
Trevor|Arnett|Offense|Florida International|
John Rhys|Plumlee|Offense|UCF|UCF
Marquae|Kirkendoll|Defense|New Mexico|
Alex|Williams|Defense|Vanderbilt|
Sincere|David|Defense|Ole Miss|
Jacob|Clark|Offense|Minnesota|Missouri State
Mychal|Victor|Defense|UNLV|
Austin|Jarrard|Offense|Oklahoma State|Sacramento State
Nehki|Meredith|Defense|NC State|
Andre|Goodman|Offense|Appalachian State|Limestone College
Nathan|Manning|Offense|Arizona State|
Tylan|Knight|Offense|Ole Miss|Southern Mississippi
Dru|Polidore|Defense|Air Force|
Allan|Mwata|Defense|San Diego State|
Darnell|Jefferies|Defense|Clemson|Minnesota
Kristian|Varner|Defense|North Carolina|Georgia Southern
Cornelius|McCoy|Offense|Georgia State|Eastern Kentucky
Tyson|Watson|Defense|Michigan State|UMass
Jaylen|Johnson|Offense|Georgia|East Carolina
Darius|Muasau|Defense|Hawai'i|UCLA
Sharod|Johnson|Offense|Syracuse|Florida International
JJ|Jones|Offense|Dartmouth|New Mexico State
Monroe|Mills|Offense|Oklahoma State|Texas Tech
Cory|Gross|Defense|Buffalo|
Da'Shaun|Brown|Offense|Indiana|
Brice|Johnson|Offense|Ole Miss|Houston
Bryson|Shaw|Defense|Ohio State|USC
Anthony|Tocchini|Offense|New Mexico State|
Carter|Kamana|Offense|Washington State|
Samson|Jackson|Offense|Ohio|
Eddie|Smith|Defense|Illinois|Arkansas State
Mark|Pope|Offense|Miami|Jackson State
Kerry|Martin|Defense|West Virginia|Akron
Dillon|Markiewicz|Offense|Syracuse|Texas State
Sevyn|Banks|Defense|Ohio State|LSU
Montrell|Johnson|Offense|Louisiana|Florida
Isaiah|Epps|Offense|Kentucky|Tulsa
TJ|Graham|Offense|Texas State|
Will|Latu|Defense|Washington|
Cam'Ron|Ransom|Offense|Georgia Southern|
Brock|Sturges|Offense|Texas State|
Jordan|Jusevitch|Defense|Indiana|Indiana State
Sam|Brown|Offense|West Virginia|Houston
Cameron|Ward|Offense|Incarnate Word|Washington State
Mykal|McLeod|Offense|Southern Mississippi|
Preston|Lavant|Defense|Pittsburgh|
Justin|Clark|Defense|Toledo|Wisconsin
Stone|Earle|PRO|Abilene Christian|North Texas
Justin|Redd|Offense|Norfolk State|East Carolina
Orlando|Jones|Offense|SMU|
Lee|Hunter|Defense|Auburn|UCF
Cody|Jones|Defense|UMass|Georgia State
Andrew|Cole|Defense|Southern Mississippi|
Sean|McGonigal|Defense|South Carolina|
Ani|Izuchukwu|Defense|Mississippi State|Tulsa
Jaelen|Crider|Defense|Toledo|
Aaron|Brule|Defense|Mississippi State|Michigan State
Jonny|Fanaika|Defense|Utah|
Brendon|Clark|Offense|Notre Dame|Old Dominion
Eddie|Schott|PRO|Ball State|Butler
John David|White|Offense|Arkansas|Central Arkansas
Branden|Coleman|Defense|Colorado State|
Jamari|Stewart|Defense|South Florida|
Jairus|Satiu|Defense|Virginia|
Gabriel|Iniguez|Defense|Hawai'i|
Tyrese|Williams|Offense|Oklahoma State|Oklahoma State
Mata|Hola|Defense|Utah State|
Cody|Brown|Offense|Miami|Virginia
Kendall|Catalon|Offense|Arkansas|
Kobie|Turner|Defense|Richmond|Wake Forest
Carter|Short|LS|Alabama|
Amauri|Pesek-Hickson|Offense|Kansas|Northern Iowa
Zamari|Ellis|Defense|Duke|
Deuce|Hogan|Offense|Iowa|Kentucky
Lucious|Stanley|Offense|UAB|
Tristan|Golightly|Offense|Kansas|Abilene Christian
Ben|Gansallo|Defense|New Mexico|
Cedrice|Paillant|Offense|Rutgers|Marshall
Sawyer|Racanelli|Offense|Washington|Montana
Todd|Centeio|Offense|Colorado State|James Madison
Keylin|Roach|Defense|Marshall|
Rashad|Ajayi|Defense|Colorado State|West Virginia
Anthony|Watts|Defense|Purdue|Marshall
Kai|Arneson|Offense|Oregon|Nevada
C.J.|Person|Defense|Indiana|South Alabama
Carter|Carlson|Defense|Washington State|
Kevaris|Hall|Defense|Tulane|SMU
Aapri|Washington|Defense|Buffalo|East Carolina
Emmanuel|Flowers|Defense|Michigan State|
Dreshun|Miller|Defense|Auburn|NC State
Devonta|Lee|Offense|LSU|Louisiana Tech
Brian|Greene|Offense|Washington State|Michigan State
Mikel|Barkley|Offense|TCU|
Marcis|Floyd|Defense|Murray State|West Virginia
Solomon|Byrd|Defense|Wyoming|USC
Devunte|Dawson|Defense|UCF|
Devell|Washington|Defense|West Virginia|
Mohamed|Sanogo|Defense|Ole Miss|Louisville
Cecil|Singleton|Defense|Miami (OH)|
Shepherd|Bowling|Defense|Army|Rice
Malcolm|Johnson|Defense|UNLV|
Khari|Gee|Defense|Notre Dame|Georgia Tech
J.D.|DiRenzo|Offense|Sacred Heart|Rutgers
Agiye|Hall|Offense|Alabama|Texas
Naijee|Jones|Defense|Rutgers|Kent State
Victory|Vaka|Defense|BYU|
Jason|Eaton|Offense|Eastern Michigan|
Arna|Bontemps|Defense|Washington State|
Vincent|Murphy|Offense|South Carolina|Western Kentucky
Jordan|Carmouche|Defense|Houston|Arkansas State
Cinque|Williams|Defense|North Texas|
Hunter|Green|Defense|Virginia Tech|
Jaylen|Larry|Offense|UMass|
Quinn|Potts|Defense|New Mexico|
Tyrek|Tisdale|Offense|Florida Atlantic|St. Thomas University
Tyler|Rudolph|Defense|Penn State|UMass
Myles|Williamson|Defense|Bowling Green|
Naquan|Brown|Defense|Pittsburgh|Norfolk State
Lovasea|Carroll|Offense|Georgia|South Carolina
Jack|Abraham|Offense|Mississippi State|Missouri
Kamal|Gray|Offense|Temple|Stetson
Darvon|Hubbard|Offense|Texas A&M|Temple
Ibrahim|Kante|Defense|NC State|Buffalo
Armondous|Cooley|Defense|Mississippi State|Southern Mississippi
LaMarque|Davis|Defense|Southern Mississippi|
Conner|Lewis|Defense|Arizona State|
Chris|Harris Jr.|Defense|Georgia Southern|
Josh|Trice|Defense|Georgia Southern|
Jalen|Kimber|Defense|Georgia|Florida
Ben|Hines|Defense|Washington|
Jacolbe|Cowan|Defense|Ohio State|North Carolina
Brian|Polendey|Offense|Colorado State|West Virginia
Aaron|Willis|Defense|Tennessee|Houston
Joey|Ramos|Offense|Iowa State|Arizona State
Devonte|Nelson|Defense|Memphis|
Nick|DeGennaro|Offense|Maryland|
Derrick|Smith|Defense|Illinois|Western Kentucky
Kobe|Hylton|Defense|Louisiana|UTEP
Jerrod|Means|Offense|Louisiana Tech|Pittsburgh
Aamaris|Brown|Defense|Kansas State|South Florida
Luke|Anthony|Offense|Louisiana Tech|Baylor
Dante|Zanders|Defense|Florida|Florida
Myles|McNeal|Defense|Eastern Michigan|
Marcus|Bragg|Defense|Western Kentucky|Auburn
Dino|Tomlin|Offense|Maryland|Boston College
Ulysses|Bentley|Offense|SMU|Ole Miss
Tre'mond|Shorts|Offense|East Tennessee State|LSU
Hunter|Nourzad|Offense|Cornell|Penn State
Christian|Beal-Smith|Offense|Wake Forest|South Carolina
Casey|Collier|Offense|USC|Oklahoma State
Clay|Webb|Offense|Georgia|Jacksonville State
Ben|Langston|Defense|Missouri|
Matt|Bjorson|Offense|Indiana|Miami (OH)
Cade|Fortin|Offense|South Florida|Arkansas
Jeremiah|McClendon|Defense|Marshall|
Cody|Shear|Offense|Syracuse|
Ryan|Jacoby|Offense|Ohio State|Pittsburgh
Olasunkonmi|Agunloye|Defense|Virginia|Virginia
Olivier|Charles-Pierre|Defense|Houston|
John Paul|Flores|Offense|Dartmouth|Virginia
Keilon|Brown|Offense|Memphis|Georgia State
Peni|Naulu|Offense|Washington State|Northern Iowa
Keith|Miller|Offense|Colorado|Texas A&M Commerce
Nolan|Gorczyca|Offense|Buffalo|Kansas
Thomas|Nance|Offense|South Florida|
Darius|Williams|Defense|Middle Tennessee|
Tyrin|Smith|Offense|UTEP|
Caleb|Offord|Defense|Notre Dame|Buffalo
A.J.|Campbell|Defense|UCLA|Kent State
Jalen|McGaughy|Offense|Ball State|
Myles|Brennan|Offense|LSU|
Latrell|McCutchin|Defense|Oklahoma|USC
TJ|Steele|Offense|TCU|
Dayton|Toney|Offense|Hawai'i|Incarnate Word
Tyler|Guyton|Offense|TCU|Oklahoma
Camar|Wheaton|Offense|Alabama|SMU
Bishop|Johnson|Offense|Army|
Zach|Breaux|Offense|Louisiana Monroe|Jackson State
Alijah|Clark|Defense|Rutgers|Syracuse
Micaiah|Overton|Defense|Liberty|Texas A&M
Dominique|Shoffner|Offense|Charlotte|
Geoff|Cantin-Arku|Defense|Syracuse|Memphis
Woobendy|Guerrier|Defense|Akron|
Greedy|Vance|Defense|Louisville|Florida State
Justin|Tomlin|Offense|Georgia Southern|
Maverick|McIvor|Offense|Texas Tech|Abilene Christian
Malik|Heath|Offense|Mississippi State|Ole Miss
Damian|Lopez|Offense|USC|
Wynden|Ho'ohuli|Defense|Nebraska|Hawai'i
Curley|Young|Defense|California|
Rod|Green|Offense|Grambling|
Brian|Cobbs|Offense|Maryland|Utah State
Andrew|VanBuren|Offense|Boise State|Portland State
Juan|Harris|Defense|Indiana|
D'Marcus|Adams|Offense|Florida Atlantic|Syracuse
Brendan|Bordner|Offense|Rutgers|Florida Atlantic
Solomon|Wright|Defense|Arkansas|Oklahoma State
Isaiah|Jacobs|Offense|Maryland|
Kason|Martin|Offense|North Texas|Eastern New Mexico
Dominick|Hill|Defense|South Carolina|Temple
Isaac|Smith|Offense|Wisconsin|
TJ|Smith|Defense|Georgia State|Limestone College
Noah|Nelson|Offense|Oklahoma|Northern Arizona
Crishawn|Long|Defense|Purdue|
Antoine|Robinson|Offense|Southern Mississippi|
Mark|Davis|Defense|Buffalo|
Tyrone|Tracy|Offense|Iowa|Purdue
Jermaine|Burton|Offense|Georgia|Alabama
Shawn|Robinson|Defense|Missouri|Kansas State
Douglas|Emilien|Offense|Minnesota|Kansas
Rico|Small|Offense|Eastern Michigan|
Chase|Lasater|Defense|Florida Atlantic|Eastern Kentucky
Jaylan|Jeffers|Offense|Oregon|UCLA
CJ|Boone|Offense|New Mexico|
Theo|Wease|Offense|Oklahoma|Oklahoma
Hayes|Gibson|Offense|Iowa State|
Tyler|Stephens|Offense|Buffalo|Missouri
Colby|Reeder|Defense|Delaware|Iowa State
Alexandre|Dumais|Defense|Fresno State|
Nelson|Mbanasor|Defense|Louisiana Tech|
Darion|Green-Warren|Defense|Michigan|Nevada
Daniel|Grzesiak|Defense|Nevada|
Braxton|Burmeister|Offense|Virginia Tech|San Diego State
De'Arre|McDonald|Defense|Cincinnati|Middle Tennessee
Morris|Joseph|Defense|Memphis|Georgia Tech
Jam|Griffin|Offense|Georgia Tech|Oregon State
Cooper|Shults|Offense|Oregon|Nevada
Donny|Navarro|Offense|Illinois|Northwestern
Andrew|Mims|Defense|South Florida|
Tyon|Merchant|Defense|Texas State|
Koby|Perry|Defense|Austin Peay|UCF
Dallas|Gant|Defense|Ohio State|Toledo
Daniel|Ogundipe|Offense|Old Dominion|
K'Rojhn|Calbert|Offense|Tennessee|Eastern Kentucky
Nigel|Fitzgerald|Offense|Old Dominion|Connecticut
AJ|Mayer|Offense|Miami (OH)|
Kameren|Stewart|Offense|Coastal Carolina|
Lamar|Goods|Defense|Florida|
Noah|Palmer|Defense|Pittsburgh|
Reece|Jesse|Offense|Louisville|
Hunter|Johnson|Offense|Northwestern|Clemson
Litchfield|Ajavon|Defense|Notre Dame|Rice
Andrew|Brito|Offense|UCF|
Julius|Bolden|Offense|Northern Illinois|
Christian|Singleton|Offense|Western Michigan|
Randy|Jordan Jr.|Defense|Fresno State|
Brooks|Weeks|Defense|Troy|
Jeff|Marks|Defense|Purdue|
Blayne|Toll|Defense|Colorado|Arkansas State
Jordan|Weeks|Offense|UT San Antonio|
Nick|Evans|Defense|UT San Antonio|
Jayce|Medlock|Offense|Connecticut|Alabama State
Noah|Whittington|Offense|Western Kentucky|
Knowledge|McDaniel|Offense|Marshall|
Paul|Moala|Defense|Notre Dame|
Aaron|Pierre|Defense|Liberty|
Femi|Sakiri|Offense|Connecticut|
Jaelon|Travis|Offense|Kansas State|Butler County (KS)
Wylan|Free|Defense|Fresno State|Georgia Southern
Devonte|Wilson|Defense|Kansas|Florida A&M
Zach|Portlock|Defense|Southern Mississippi|
Peter|Montini|Defense|Nevada|Colorado State
Jack|Wilty|Offense|Northern Illinois|Iowa Central C.C.
Marcel|Walker|Offense|Southern Connecticut State|Nevada
Canaan|Clark|Offense|East Carolina|
Ahmonte|Watkins|Offense|TCU|New Mexico State
Dwayne|Thompson|Defense|Indiana State|
Sofian|Massoud|Offense|Houston|Hampton
Nickolas|Tshivuadi|Offense|South Florida|
Ty'Ron|Hopper|Defense|Florida|Missouri
Fred|Jackson|Offense|Coastal Carolina|
Semaj|Verner|Defense|Boise State|
Cam|Phillips|Defense|Arizona State|
Hunter|Sellers|Defense|Pittsburgh|New Mexico
Cade|Bennett|Offense|Oklahoma State|San Diego State
Jake|Pope|Offense|Kentucky|
Mike|Ciaffoni|Offense|Colorado State|Rutgers
Jeremy|Moussa|Offense|Vanderbilt|Florida A&M
Jarius|Monroe|Defense|Nicholls|Tulane
Dontae|Keys|Offense|Florida International|Colorado State
Gabe|Lemons|Defense|Oklahoma State|
Justin|Robinson|Offense|Georgia|Mississippi State
Levar|Gumms|Offense|Central Michigan|
Rafael|McCoy|Offense|Old Dominion|
Carson|Tabaracci|Defense|Utah|USC
Lloyd|Murray Jr.|Defense|Colorado|Sam Houston State
Jarveon|Howard|Offense|Syracuse|Alcorn State
Carson|Smith|Offense|Washington|
OrTre|Smith|Offense|South Carolina|North Carolina Central
Nick|Turner|Defense|Arkansas|Toledo
Nick|Mercer|Defense|Georgia Southern|
Jack|Kristofek|Offense|Mississippi State|Arkansas State
Sammy|Faustin|Defense|Michigan|UMass
Luke|Felix-Fualalo|Offense|Utah|Hawai'i
Cole|DeMarzo|Defense|Michigan State|Wyoming
Nate|Harris|Defense|LSU|
Ky|Thomas|Offense|Minnesota|Kansas
Uriah|Greene|Offense|South Florida|
Jalen|Williams|Defense|Arkansas|Southern Mississippi
Morgan|Moore|Offense|Texas State|
Jordon|Brookshire|Offense|San Diego State|
Jadarius|Green-McKnight|Defense|Florida State|Marshall
Jack|Plummer|Offense|Purdue|California
Cam|Goode|Defense|UCF|Michigan
Rome|Weber|Defense|Wyoming|Western Kentucky
Shane|Lee|Defense|Alabama|USC
Josh|Oglesby|Offense|Arkansas|Stephen F. Austin
Chayden|Peery|Offense|Georgia Tech|
Matthew|Downing|Offense|TCU|Louisiana Tech
Chop|Robinson|Defense|Maryland|Penn State
Anthony|Price|Offense|Arkansas State|
Kajiya|Hollawayne|Offense|UCLA|Grambling
Willie|Hampton|Defense|Western Carolina|Buffalo
Jayden|Williams|Defense|USC|Louisville
JP|Andrade|Offense|Ohio State|
Cam|Williams|Defense|Troy|
Maninoa|Tufono|Defense|USC|
Tyson|Bagent|Offense|Shepherd|Shepherd
Kody|Fulp|Defense|North Texas|
JoJo|Johnson|Defense|Notre Dame|
Cortez|Andrews|Defense|Florida State|
Tyrone|Howell|Offense|Kansas State|Louisiana Monroe
Jamal|Morris|Defense|Oklahoma|Houston
Travis|Dye|Offense|Oregon|USC
Tru|Edwards|Offense|Hawai'i|
Katravis|Geter Jr.|Offense|Florida International|
Garrett|Jones|Offense|Kansas|
Anthony|Hundley|Defense|UCF|
Keithron|Lee|Offense|Texas|
Xavier|Young|Defense|Washington State|
Joey|Carroll|Offense|Bowling Green|
Matthew|Hightower|Defense|Tulane|
Darius|Hodges|Defense|Tulane|Tulane
Deondre|Jackson|Offense|Texas A&M|Oklahoma State
Nolan|Rumler|Offense|Michigan|Kent State
Sean|Chambers|Offense|Wyoming|Montana State
Ezrah|Archie|Offense|Monmouth|Georgia Southern
Jaali|Parker|Defense|Western Michigan|
Dillon|Gabriel|Offense|UCF|Oklahoma
Michael|Alaimo|Offense|Purdue|Purdue
Dacoda|Weaver|Offense|Florida Atlantic|Delta State
Jiovanny|Holmes|Defense|Boston College|
Tray|Pettway|Offense|UMass|Northern Arizona
Calvin|McMillian|Offense|Mississippi State|Southern Mississippi
Jailen|Nias|ATH|Buffalo|
Deonte|Simpson|Offense|North Texas|
Joshua|Burdsall|Defense|Old Dominion|
Trustin|Oliver|Defense|Colorado|Central Arkansas
George|Johnson III|Defense|Michigan|UMass
Javione|Carr|Defense|Arizona|Kansas State
Bryce|Miller|Offense|South Florida|
Tarique|Milton|Offense|Iowa State|Texas
Aaron|Dumas|Offense|New Mexico|Washington
Stacey|Marshall Jr.|Offense|Arizona|Marshall
Velton|Gardner|Offense|Kansas|Grambling
Carter|Bradley|Offense|Toledo|South Alabama
Joe|Rondi|Defense|Syracuse|
Ameer|Speed|Defense|Georgia|Michigan State
Bruce|Seton|Defense|Washington State|
Kameron|Butler|Defense|Miami (OH)|Virginia
Pierre|Kemeni|Defense|Ohio|Texas State
Andrew|Garwo|Defense|Temple|UT Martin
Mitchell|Tinsley|Offense|Western Kentucky|Penn State
Vince|Picozzi|Offense|Colorado State|
Evan|Azzara|Offense|Miami (OH)|
Lucas|Coley|Offense|Arkansas|Houston
Jordan|Murray|Offense|Missouri State|Hawai'i
Peter|Udoibok|Offense|Minnesota|Northern Iowa
Evan|Gregory|Offense|Maryland|
Jacardia|Wright|Offense|Kansas State|Missouri State
Chris|Scruggs Jr.|Offense|Southern Mississippi|
Rico|Frye|Offense|Bowling Green|
Alex|Okelo|WDE|Michigan State|
Elelyon|Noa|Offense|Utah State|
Daniel|George|Offense|Penn State|Akron
Duece|Mayberry|Defense|Kansas|Louisiana Monroe
KJ|Wallace|Defense|Notre Dame|Georgia Tech
Carlos|Del Rio-Wilson|Offense|Florida|Syracuse
Jaden|Handy|Offense|Ole Miss|
Greg|Brooks Jr.|Defense|Arkansas|LSU
Shane|Illingworth|Offense|Oklahoma State|Nevada
Jalen|Alexander|Defense|Duke|Louisville
Kundarrius|Taylor|Offense|UAB|
Drew|Sanders|Defense|Alabama|Arkansas
Joseph|Daniels Jr.|Defense|Indiana|
Ryan|Watts|Defense|Ohio State|Texas
Matt|Lowe|Offense|Fresno State|
Steven|Stilianos|Offense|Lafayette|Iowa
Trenton|Gillison|Offense|Michigan State|
Lucas|Johnson|Offense|San Diego State|
Jesiah|Davis|Offense|Virginia|
Deshawn|Troutman|Defense|Miami|
Zahir|Swann|Offense|Central Michigan|
Jonathan|Shepherd|Offense|Oklahoma State|
Leo|Parker|Offense|South Florida|
Gaven|Haselhorst|Defense|Kansas State|Fort Hays State
Solomon|Brown|Defense|Minnesota|Buffalo
Jacob|Sykes|Defense|Harvard|UCLA
Shaundre|Mims|Defense|Charleston Southern|East Carolina
Bobby|Haskins|Offense|Virginia|USC
Jarret|Doege|Offense|West Virginia|Western Kentucky
Max|Fisher|Offense|NC State|
Aidan|Robbins|Offense|Louisville|UNLV
Sidney|Walker|Offense|Connecticut|Buffalo
Norval|Black|Offense|Penn State|
Justin|Lockhart|Offense|Nevada|San José State
Jaylon|Sharpe|Defense|Charlotte|
Willie|Taylor III|Defense|Washington State|Eastern Kentucky
Cornell|Hendrick|Offense|Old Dominion|Elon
Romello|Height|Defense|Auburn|USC
Chris|Smith|Defense|Harvard|Notre Dame
Andison|Coby|Offense|Tennessee|Indiana
Eriq|Gilyard|Defense|UCF|Kansas
Brey|Walker|Offense|Oklahoma|
Mac|Hollensteiner|Offense|Georgetown|Virginia
Khari|Coleman|Defense|TCU|Ole Miss
Jaylen|Martin|Defense|California|
Jojo|Falo|Defense|Cal Poly|Hawai'i
Jadon|Jackson|Offense|Ole Miss|Kansas State
Cameron|Threatt|Defense|Mississippi State|Akron
Amir|Abdur-Rahman|Offense|Vanderbilt|Ball State
Jarren|Williams|Offense|South Florida|Alabama A&M
Jake|Haener|Offense|Fresno State|Fresno State
McKenzie|Barnes|Defense|Arizona|
Nick|Lewis|Offense|Arkansas State|
Mahdi|Hazime|Offense|Michigan|
Doug|Brumfield|Offense|UNLV|UNLV
Tirek|Austin-Cave|Defense|Miami|West Virginia
Mekhi|Williams-Garner|Defense|Louisiana|LSU
Darrion|Henry-Young|Defense|Ohio State|Kentucky
Cam|Dillon|ILB|Columbia|Duke
Daniel|Barker|Offense|Illinois|Michigan State
Derek|Green|Offense|SMU|Long Island University
Simeon|Evans|Offense|Army|Sam Houston State
Aaron|Allen|Offense|Louisiana Tech|Alcorn State
Landon|Jackson|Defense|LSU|Arkansas
Jaylen|Pate|Defense|Wyoming|
Brian|Parish|Offense|UMass|
Devin|Chandler|Offense|Wisconsin|Virginia
Rory|Hanson|Offense|Fresno State|
J.J.|Pegues|Offense|Auburn|Ole Miss
Mataio|Soli|Defense|Arkansas|Hawai'i
Jared|Gibble|Offense|Virginia Tech|Campbell
Khalen|Leonard|Defense|Southern Mississippi|
Cameron|Sims|Defense|Georgia State|Mercer
Andre|Harris Jr.|Offense|Arkansas State|Duke
DJ|Sims|Offense|Virginia Tech|
James|Palmer|Offense|Tulsa|
Caleb|Christensen|Defense|BYU|
Nick|Curtis|Defense|Auburn|
Jeremy|Hunt|Offense|Louisiana Monroe|
Sokoya|McDuffie|Defense|Old Dominion|Connecticut
Cole|Feinauer|Offense|Colorado State|Nevada
Joshua|Pakola|Defense|Stanford|Fresno State
Emmanuel|White|Defense|Charlotte|
Bralyn|Oliver|Defense|Louisville|Syracuse
La'andre|Thomas|Defense|Memphis|
Tyler|Gore|Defense|Georgia State|UT Martin
Gregory|Clayton|Offense|UT San Antonio|
Davontae|McCrae|Defense|North Texas|
Caleb|Berry|Offense|Washington|
Joshua|Carter|ILB|South Alabama|
Jawaun|Johnson|Offense|Louisiana Tech|
Saeed|Holt|Defense|Toledo|
Ro|Torrence|Defense|Auburn|Arizona State
Jermaine|McMillian|Defense|UCF|UMass
Lowell|Narcisse|Offense|UT San Antonio|Nicholls
Caleb|Johnson|Defense|UCLA|Miami
Devlin|Kirklin|Defense|New Mexico State|
Justus|Woods|Offense|Stanford|
Larry|Hodges|Offense|Miami|Middle Tennessee
Diamonte|Tucker-Dorsey|Defense|James Madison|Texas
Bryan|Gagg|Offense|East Carolina|
Tayvion|Robinson|Offense|Virginia Tech|Kentucky
Cole|Brevard|Defense|Penn State|Purdue
Caeleb|Washington|Defense|UMass|Southern Illinois
Donald|McKinney|Offense|San José State|Western Illinois
Nick|D'Ambra|ATH|Western Illinois|Fresno State
Quinn|Ewers|Offense|Ohio State|Texas
Robby|Ashford|Offense|Auburn|Auburn
Terrell|Bynum|Offense|Washington|USC
Conner|Parsons|Offense|Louisiana Monroe|
Brian|Edwards|Defense|Central Michigan|
Kelin|Burrle|Defense|Arkansas|
Grant|Stephens|Offense|Colorado State|Washington State
Tavis|Lee|Defense|West Virginia|
Aaron|Holloway|Offense|UNLV|
Donovan|Eaglin|Offense|Michigan State|
Jalen|Monrrow|Defense|Cincinnati|
Tymon|Mitchell|Defense|Georgia|TCU
Toby|Ndukwe|Defense|SMU|Sam Houston State
Gayflor|Flomo|Offense|Kansas|Concordia University
Ajou|Ajou|Offense|Clemson|South Florida
Austin|Jones|Offense|Stanford|USC
Jeremiah|Lewis|Defense|Duke|
Torrance|Davis|Offense|Kentucky|
Joshua|Sauickie|Offense|Air Force|
Marquis|Robinson|Defense|Auburn|
Ben|VanSumeren|Defense|Michigan State|Michigan State
Sam|Crawford|Offense|Tulsa|Rice
Elijah|Cooks|Offense|Nevada|San José State
Robby|Rochester|Offense|Connecticut|TCU
Stan|Livingstone Jr.|Defense|San José State|Tuskegee
Tyrone|Barber|Defense|South Florida|
Zephaniah|Maea|Defense|Colorado|Southern
Lonnie|Rice|Defense|Buffalo|
Ethon|Williams|Offense|Boston College|Connecticut
Davon|Martin|Defense|Middle Tennessee|
Jayden|Chalmers|Defense|East Carolina|Campbell
Dorian|Hardy|Defense|East Carolina|
Bobby|Cole|Offense|New Mexico|
Cam|Reddy|Offense|Colorado State|Liberty
Terreance|Ellis|Defense|Rice|Alcorn State
Brylan|Lanier|Defense|Alabama|Indiana
Jahquan|Bloomfield|Offense|Louisiana Monroe|
Morven|Joseph|Defense|Tennessee|Florida Atlantic
Raymond|Scott|Defense|USC|Fresno State
Brendan|Tuholski|Offense|UC Davis|
Baylor|Cupp|Offense|Texas A&M|Texas Tech
Owen|Condon|Offense|Georgia|SMU
Raheme|Fuller|Defense|Middle Tennessee|
Brayden|DeVault-Smith|Defense|Vanderbilt|Samford
Isheem|Young|Defense|Iowa State|Ole Miss
Mohamoud|Diabate|Defense|Florida|Utah
Caleb|Williams|Offense|Oklahoma|USC
Omar|Brown|Defense|Northern Iowa|Nebraska
Londyn|Craft|Defense|Mississippi State|
Jarett|Garner|Offense|Duke|East Carolina
Frankie|Burgess|Defense|Maryland|
Patrick|Lucas|Defense|Ole Miss|Indiana
Kaedin|Robinson|Offense|UCF|Appalachian State
Tahliq|Battle|Offense|Buffalo|
Khafre|Brown|Offense|North Carolina|South Florida
Des|Holmes|Offense|Penn State|Arizona State
Gavin|McCabe|Defense|Indiana|
Lacarea|Pleasant-Johnson|Defense|Utah|
Jared|Verse|Defense|Albany|Florida State
A.J.|Davis|Offense|Pittsburgh|James Madison
Nik|Scalzo|Offense|Kentucky|Samford
Grayson|Murphy|Defense|North Texas|UCLA
Jerome|Buckner|Offense|Ohio|
J'Marion|Gooch|Offense|Missouri|
Steele|Dubar|Defense|Colorado|
Jordan|Bennett|Offense|Georgia Southern|
Marcus|McElroy|Offense|Colorado State|McNeese
Rashad|Cheney|Defense|Minnesota|South Florida
Tharon|Davis|Offense|Memphis|
John|Ward|Defense|UCLA|Utah State
Derick|Hunter|Offense|Texas A&M|Hinds C.C.
Cesar|Reyes|Offense|South Florida|
Cade|Beresford|Offense|Washington State|Boise State
Dazalin|Worsham|Offense|Miami|Auburn
Daniel|Johnson|Offense|Kent State|
Wayne|Taulapapa|Offense|Virginia|Washington
Jordan|Eubanks|Defense|Florida State|UNLV
Rashad|Scott|Offense|San Diego State|
Nicholas|Days|Defense|Western Kentucky|
Chase|Mason|Offense|Nebraska|South Dakota State
Zach|Evans|Offense|TCU|Ole Miss
Jalen|Jordan|Defense|Ole Miss|South Alabama
Javien|Clemmer|ATH|New Mexico State|
Isaiah|Esdale|Offense|West Virginia|Rice
Caleb|Chapman|Offense|Texas A&M|Oregon
Peyton|Thompson|Offense|Oklahoma State|Central Oklahoma
Cam'ron|Jones|Defense|SMU|Grambling
Hayes|Crockett|Offense|Louisiana Monroe|
Gerald|Mincey|Offense|Florida|Tennessee
Jordan|Morant|Defense|Michigan|Mississippi State
Luke|Lane|Offense|Indiana|Chattanooga
Grant|Wells|Offense|Marshall|Virginia Tech
Shauntavis|Vardaman|Offense|UAB|
Rosendo|Louis|Defense|South Carolina|
Sherwin|King|Defense|Fresno State|
Osita|Smith|Defense|Maryland|
Da'Veawn|Armstead|Defense|TCU|Sam Houston State
Terion|Sugick|Defense|Vanderbilt|Arkansas State
James|Gordon IV|Defense|Minnesota|South Florida
Anthony|Solomon|Defense|Michigan|Arizona
Cole|Daniels|Defense|South Alabama|
Noah|Taylor|Defense|Virginia|North Carolina
Lejond|Cavazos|Defense|Ohio State|North Carolina
Bryce|Veasley|Offense|Duquesne|
Quavon|Matthews|Offense|Iowa|
Isaac|Garcia|Defense|Fresno State|
Josh|Griffis|Defense|Florida State|Jackson State
Tyler|Barnes|Defense|Southern Mississippi|
Zukudo|Igwenagu|Defense|Rutgers|UMass
Amir|Howard|Defense|Arkansas State|
Charles|Bell VI|Defense|Marshall|Alabama A&M
Spencer|Rolland|Offense|Harvard|North Carolina
Corey|Suttle|Defense|Iowa State|Miami (OH)
Tiyon|Evans|Offense|Tennessee|Louisville
Andrew|Faoliu|WDE|Boise State|
Chris|Miller|Defense|Colorado|
Kaemen|Marley|Offense|Tennessee|
Zxaequan|Reeves|Defense|Missouri|Coastal Carolina
Spencer|Lovell|Offense|Arizona State|California
CJ|Crump|Defense|East Carolina|
Luke|Eckardt|Offense|Arizona|Colorado
DeaMonte|Trayanum|Defense|Arizona State|Ohio State
Billy|Thursland|Offense|Houston|
O'Cyrus|Torrence|Offense|Louisiana|Florida
Kyle|Toole|Offense|Troy|Georgia Southern
Jakari|Robinson|Offense|Memphis|
Justin|Lynch|Offense|Temple|Northern Illinois
VanDarius|Cowan|Defense|West Virginia|Maryland
Tremayne|Prudhomme|Defense|Texas|
Justin|Harrington|Defense|Oklahoma|Oklahoma
Ian|Mathews|Defense|Auburn|Missouri
Isaiah|Velez|Offense|Florida International|
Paul|Tyson|Offense|Alabama|Arizona State
Marcus|Banks|Defense|Alabama|Mississippi State
Jahleel|Billingsley|Offense|Alabama|Texas
Tyler|Days|Defense|Boston College|
Ben|Labrosse|Defense|Syracuse|
Antonio|Fletcher|Defense|Arkansas State|Southern Illinois
Benny|McCray IV|Defense|Florida International|
Deshawn|Holt|Defense|Maryland|Toledo
Kobe|Hudson|Offense|Auburn|UCF
Curtis|Dunlap|Offense|Minnesota|Rutgers
Raiheem|Olalekan|Defense|UMass|
Dee|Wiggins|Offense|Miami|Louisville
Simi|Moala|Offense|Utah|Jackson State
George|Douglas|Defense|Central Michigan|Southern Illinois
Bradley|Jennings Jr.|Defense|Miami|Indiana
Bryson|Smith|Offense|Houston|
Kaulana|Makaula|Defense|USC|Hawai'i
Elijah|Johnson|Offense|Colorado State|
Chris|Conti|Defense|Rutgers|Rice
Akeem|Hayes|Offense|Arkansas State|
John|Hughes|Offense|West Virginia|
Enzo|Jennings|Defense|Penn State|
Rodney|Groce Jr.|Defense|Arizona State|
Elijah|Canion|Offense|Auburn|Purdue
Noah|Cain|Offense|Penn State|LSU
Marcus|Cushnie|Defense|Florida State|UMass
Troy|Lewis|Offense|East Carolina|James Madison
Michael|Trigg|Offense|USC|Ole Miss
Gabe|Reid|Defense|Stanford|Utah
Garnett|Hollis|Defense|Northwestern|Northwestern
Andre|Sam|ATH|McNeese|Marshall
Juwan|Burgess|Defense|Indiana|
Drew|Zaubi|Offense|Western Kentucky|
Malik|Jackson|Offense|Louisiana Monroe|Louisiana Monroe
Jamel|Hamm|Defense|UNLV|
Justin|Weller|Offense|Penn State|
Jonathan|King|Defense|Indiana|Alabama A&M
Keyshawn|Johnson|Defense|Louisiana Monroe|
Terah|Edwards|Defense|Northwestern|Illinois
Larry|Tracy III|Defense|Indiana|Illinois State
Jahmyr|Gibbs|Offense|Georgia Tech|Alabama
Geri|Theodore|Defense|Toledo|
Rodney|Wright III|Offense|Fresno State|
Clyde|Price|Offense|Kansas State|Akron
Terry|Hampton|Defense|Arkansas State|Arkansas
Isaac|Ellis|Offense|Memphis|Louisiana Tech
Knox|Kadum|Offense|Virginia Tech|McNeese
Craig|Burt|Offense|Western Kentucky|Western Kentucky
Seth|Hodges|Defense|Georgia Southern|
Jakovi|Bryant|Defense|Florida International|
TJ|Banks|Offense|West Virginia|Akron
Dylan|Deveney|Offense|Georgia Tech|Pittsburgh
Jamason|Jodway|Offense|Akron|
Jamree|Kromah|Defense|Rutgers|
Tommy|Brown|Offense|Alabama|Colorado
Tee|Hodge|Offense|Tennessee|Indiana State
Sebastien|Dolcine|OG|Florida Atlantic|
Brian|Kilbane Jr|Offense|Bowling Green|
Coye|Fairman|Offense|Memphis|
Shakari|Denson|ATH|Ohio|
CJ|Coldon|Defense|Wyoming|Oklahoma
T.D.|Roof|Defense|Appalachian State|Oklahoma
Jeremy|Mercier|Defense|Utah|Arizona
August|Pitre|Offense|Rice|Ohio
Cam|Johnson|Offense|Vanderbilt|Arizona State
Rae'quin|Lee|Offense|Ball State|
Mason|Brooks|Offense|Western Kentucky|Ole Miss
Joseph|Scates|Offense|Iowa State|Memphis
David|Laney|Defense|East Carolina|North Carolina A&T
Seaburn|Hines|Offense|Georgia Southern|
Cam'Ron|McCoy|Offense|Cincinnati|Eastern Michigan
Angel|King|ATH|Nevada|
Joshia|Davis|Offense|Colorado|Southern Utah
X'Zauvea|Gadlin|Offense|Tulsa|Liberty
Jonathan|Hodoh|Offense|Louisiana Monroe|
Andre|Crump|Offense|San José State|UC Davis
Matt|Valecce|Offense|Colorado State|Albany
Bo|Nix|Offense|Auburn|Oregon
B.J.|Foster|Defense|Texas|Sam Houston State
Jordan|Jernigan|Offense|Ole Miss|
DJ|Warnell|Defense|UCLA|Arizona
Kolby|Phillips|Defense|Tulane|
Tynan|Tucker|Defense|Kent State|
Tyler|Murray|Defense|Charlotte|Memphis
Casey|Tawa|Offense|Rice|
Jalin|Cooper|Offense|Toledo|
Devonni|Reed|Defense|Central Michigan|South Carolina
Carlos|Carriere|Offense|Maryland|Central Michigan
Jakairi|Moses|Offense|Western Kentucky|Western Kentucky
Jacob|Coleman|Offense|East Carolina|Middle Tennessee
McKade|Mettauer|Offense|California|Oklahoma
LeDarrius|Cox|Defense|Ole Miss|Indiana
Marco|Lee|Offense|Virginia Tech|South Alabama
Simi|Bakare|Offense|Missouri|Fresno State
Khoury|Bethley|Defense|Hawai'i|Arizona State
Jacob|Brammer|Offense|North Texas|Vanderbilt
Chris|Martinez|Offense|San Diego State|Arizona State
Justin|Hayes|Defense|Samford|
Teon|Dollard|Offense|Akron|
Kenan|Christon|Offense|USC|San Diego State
Malik|Rodgers|Offense|Tulsa|
Jaymason|Willingham|Defense|Utah State|Portland State
Eric|Shaw|Offense|South Carolina|
Michael|Statham|Offense|Pittsburgh|
Warren|Bryan|DUAL|Air Force|
Justus|Tavai|Defense|Hawai'i|San Diego State
Jakari|Norwood|Offense|Illinois|Temple
Chris|Adimora|Defense|Texas|SMU
Jacob|Cowing|Offense|UTEP|Arizona
Matthew|Anderson|Offense|Louisiana|
Noah|Arinze|Defense|Oklahoma|New Mexico State
Leke|Asenuga|Offense|New Mexico|North Texas
Chris|Murray|Defense|TCU|Sam Houston State
Kyle|Wright|Defense|Georgia State|Tennessee Tech
Michael|Washington|Offense|Buffalo|Buffalo
Slade|Roy|LS|East Carolina|LSU
Julius|Lewis|Defense|Fresno State|Jackson State
Cardavion|Myers|Defense|Western Kentucky|
Fred|Orr|Offense|Tennessee|
Taisun|Phommachanh|Offense|Clemson|Georgia Tech
Chase|Cota|Offense|UCLA|Oregon
Charles|Finley|Offense|West Virginia|
Johnquai|Lewis|Defense|Kansas|McNeese
Cam|Lampkin|Defense|Utah State|Washington State
Larson|Workman|Offense|Kansas|Texas State
Kalen|Villanueva|Defense|Illinois|Louisiana Tech
Davonte|Pritchard|Defense|Kansas State|South Dakota
Tre|Allen|Defense|Georgia Southern|
Kobe|Singleton|ATH|Southern Utah|Liberty
Dayton|Wade|Offense|Western Kentucky|
Danny|Lockhart|Defense|USC|Ole Miss
Alec|Ogden|Offense|Middle Tennessee|
Nick|Bags|Defense|Temple|South Florida
Zeiqui|Lawton|Defense|Cincinnati|West Virginia
Stephon|Zayas|Defense|UCF|
Daniel|Lee|Offense|Buffalo|
Nick|Moore|Offense|Arizona|
Jamie|Pettway|Defense|Missouri|Florida Atlantic
Sean|Dollars|Offense|Oregon|Oregon
Zareon|Hayes|Defense|Appalachian State|Alabama A&M
Tanner|Hollens|ATH|Colorado State|
Shawn|Asbury II|Defense|Boston College|Old Dominion
AJ|Abbott|Offense|Wisconsin|
Justin|Gardner|Defense|Kansas State|
Justin|Moore|Defense|Connecticut|
Larry|Smith III|Defense|Indiana|
Jacques|Hunter|Defense|Vanderbilt|
Asa|Barnes|Offense|East Carolina|Winston-Salem State
Cedrick|Dort|Defense|Kentucky|Wisconsin
Kevin|Williams|Offense|Northern Colorado|Nebraska
Zamari|Maxwell|Defense|UCF|Incarnate Word
Gregory|Desrosiers|ATH|Louisville|UMass
Keaton|Altman|Offense|McNeese|Sam Houston State
Hassan|Hall|Offense|Louisville|Georgia Tech
Chris|Everhart|Offense|Marshall|East Tennessee State
Daniel|Foster-Allen|Defense|Auburn|South Alabama
Bence|Polgar|OG|Buffalo|Missouri
Jay|Maclin|Offense|Missouri|North Texas
Javan|Hawes|Offense|Arkansas State|
Maddox|Kopp|Offense|Houston|Colorado
Walker|Hankinson|Offense|Louisiana Tech|
Lwal|Uguak|Defense|Connecticut|TCU
Brayden|Wood|Defense|Kansas State|Jacksonville State
Cameron|Hairston|Offense|Connecticut|
Tahj|Gary|Offense|Virginia Tech|Tulsa
Ochaun|Mathis|Defense|TCU|Nebraska
Keidron|Smith|Defense|Ole Miss|Kentucky
Jordan|Perryman|Defense|UC Davis|Washington
Chris|Edmonds|Defense|Samford|Arizona State
Kaden|Meredith|Offense|Air Force|Sam Houston State
Kyler|Pearson|Offense|Kansas|
Jarrett|Paul|Defense|Eastern Michigan|Kansas
Jordan|Morris|Defense|Coastal Carolina|Sam Houston State
Javaughn|Williams|Offense|Kent State|
Payne|He'Bert|Offense|Northwestern|UT San Antonio
Timothy|Lawson|Offense|Louisville|
Rowan|McGwin|Offense|Buffalo|
Mar'Keise|Irving|Offense|Minnesota|Oregon
Jehlani|Galloway|Offense|Boston College|Western Michigan
Brady|McBride|Offense|Texas State|Appalachian State
Kameron|Allen|Offense|Michigan State|SMU
Nason|Simmons|Offense|Arkansas State|
Chris|Bacon|Defense|Georgia State|Bowling Green
Antwan|Roberts|Offense|Wisconsin|
Joeseph|Sewell|Offense|Middle Tennessee|
D.J.|Taylor|Defense|Wake Forest|Bowling Green
Marist|Talavou|Offense|Utah|San José State
Amaud|Willis-Dalton|Defense|Houston|
Frank|Ladson|Offense|Clemson|Miami
Mitchell|Agude|Defense|UCLA|Miami
Micah|Leon|Offense|Connecticut|
MJ|Tafisi|Defense|Washington|Utah State
Raylen|Sharpe|Offense|Houston|
Curtis|Harper|Defense|Syracuse|Akron
Ahmari|Harvey|Defense|Auburn|Georgia Tech
Syr|Riley|Offense|Washington State|
Izayah|Green-May|Defense|Wisconsin|Northern Illinois
Heron|Maurisseau|Offense|Connecticut|
George|Tarlas|Defense|Weber State|Boise State
Diamante|Howard|Defense|Florida Atlantic|
Isaac|Owusu-Appiah|Offense|Coastal Carolina|
JT|Towers|Defense|Arkansas|
Isaiah|Stephens|Defense|Coastal Carolina|
Hunter|Marcom|Offense|Central Michigan|
Avery|Morrow|Offense|Nevada|Colorado State
Perry|Carter|Offense|Louisiana Monroe|
Tyler|Johnson|Offense|Texas|Houston
Nick|Hartnett|Offense|VMI|Buffalo
Daiyan|Henley|Defense|Nevada|Washington State
Jahsen|Wint|Defense|Ohio State|
Chigozie|Anusiem|Defense|California|Colorado State
Wilburn|Smallwood|Defense|Stephen F. Austin|
Destin|Coates|Offense|Georgia State|Florida A&M
Jeffery|Johnson|Defense|Tulane|Oklahoma
Jacobi|Moore|Offense|Mississippi State|Ole Miss
Zach|Calzada|Offense|Texas A&M|Auburn
Dante|Walker|Defense|Western Kentucky|Western Kentucky
Drew|Rawls|Defense|Utah|
EJ|Jenkins|Offense|South Carolina|Georgia Tech
Demarcus|Gregory|Offense|South Florida|Texas State
Ezeriah|Anderson|Offense|Iowa State|Campbell
Winston|Wright|Offense|West Virginia|Florida State
Henry|Colombi|Offense|Texas Tech|Marshall
Ty|Buchanan|Offense|USC|Texas Tech
Chance|Johnson|Defense|San José State|
Dre|Terry|Defense|East Carolina|Alabama A&M
Cameron|Roseman-Sinclair|Defense|North Carolina|
Joseph|Manjack|Offense|USC|Houston
Spencer|Gilbert|Defense|USC|
Trea|Shropshire|Offense|UAB|
Carson|Baker|Offense|Western Kentucky|
Kenneth|Dotson|Defense|North Texas|
Kolbe|Fields|Defense|South Carolina|LSU
Timar|Rogers|Defense|Mississippi State|Middle Tennessee
Emani|Bailey|Offense|Louisiana|TCU
Shermond|Dabney|Defense|Bowling Green|
Wendell|Davis|Defense|Pittsburgh|Northwestern
Wilton|Gaby|Offense|Coastal Carolina|
Kilohana|Haasenritter|Offense|Hawai'i|
Noah|Hamlin|Defense|Toledo|
Stephen|Gosnell|Offense|North Carolina|Virginia Tech
Amani|Gilmore|Offense|North Texas|
Deondrick|Speight|Defense|Connecticut|
Tres|Barboza|Offense|UTEP|Connecticut
Landon|Guidry|Defense|Mississippi State|Samford
Bryce|McNair|Offense|Ohio|
Quincy|Riley|Defense|Middle Tennessee|Louisville
Tony|Amerson|Offense|Georgia Tech|
Johnny|Wilson|Offense|Arizona State|Florida State
Kyran|Griffin|Offense|Troy|
Tate|Heitmeier|Offense|Texas State|
Xazavian|Valladay|Offense|Wyoming|Arizona State
Jeremiah|Houston|Defense|UNLV|
Aidan|Bouman|Offense|Iowa State|
Frank|Boyd|Offense|Liberty|Norfolk State
Hirkley|Latu|Defense|UCF|
Owen|Hickey|Offense|Illinois|
Waisale|Muavesi|Defense|UNLV|UNLV
Adrian|Hope|Defense|Furman|Coastal Carolina
Jordan|Boatman|Offense|Houston|Sam Houston State
Trevion|Stevenson|Defense|North Carolina|Norfolk State
Datrone|Young|Defense|Iowa State|Duke
Keveon|Mullins|Offense|South Carolina|Jackson State
Jalen|Mackie|ILB|Dartmouth|UMass
Kolbe|Burrell|Offense|Buffalo|Northwestern State
Myles|Jackson|Defense|UCLA|Indiana
Camden|VerStrate|Offense|Washington|
Damon|Gentry Jr.|Defense|New Mexico|
Jonathan|Denis|Offense|Oregon|Miami
Kym-Mani|King|Defense|Iowa State|Florida A&M
Elijah|Jeffreys|ATH|Connecticut|
Zahodri|Jackson|Defense|Utah State|North Texas
Lavonte|Gater|Defense|Maryland|
Joriell|Washington|Defense|Illinois|Louisiana Tech
Joseph|Charleston|Defense|Clemson|Missouri
Braxton|Barker|Offense|Alabama|
Tyler|Owens|Defense|Texas|Texas Tech
Coran|Taylor|Defense|Illinois|Alabama A&M
Mohammed|Elazazy|Offense|Western Michigan|
Navy|Shuler|Offense|Appalachian State|Tennessee
Kamron|Forest|Defense|Fresno State|
Jett|Elad|Defense|Ohio|
Keelan|Cox|Defense|Alabama|
Rhett|Reilly|Offense|BYU|
Jarius|Reimonenq|Defense|Arkansas State|James Madison
Sam|Carrell|Defense|Washington State|Texas Tech
Jack|Wardzala|Defense|Bowling Green|
Malik|Hausman|Defense|Arizona|
Miles|Frazier|Offense|Florida International|LSU
Joseph|White|Defense|Virginia|
D.K.|Bonhomme|Defense|Indiana|South Alabama
Cam|Bright|Defense|Pittsburgh|Washington
Parker|Hanna|Offense|West Texas A&M|Indiana
Raashaan|Wilkins|Defense|Vanderbilt|Illinois
C'Bo|Flemister|Offense|Notre Dame|Pittsburgh
Jake|Bobo|Offense|Duke|UCLA
Martin|Laham|Offense|UMass|Lehigh
Max|Banes|Offense|Houston|Akron
Wayne|Jones|Defense|Kansas State|Charlotte
James|Robinson|Offense|Tennessee|South Alabama
Aaron|Odom|Defense|Mississippi State|Southern Mississippi
Nicktroy|Fortune|Defense|West Virginia|UT San Antonio
Marvin|Martin|Defense|Kansas State|South Alabama
Alefosio|Saipaia|Defense|Navy|
Isaiah|Connelly|Offense|Coastal Carolina|
Joe|Foucha|Defense|Arkansas|LSU
Michael|Penix Jr.|Offense|Indiana|Washington
Darius|Gooden|Defense|Rutgers|UMass
Derek|Smith|Offense|Central Michigan|
Carson|Williams|Offense|Buffalo|
Alexander|Duke|Defense|Houston|
Brian|Casteel|Offense|Arizona|Nevada
RJ|Rosales|Offense|Army|
Johnny|Hodges|Defense|Navy|TCU
Sam|Vidlak|Offense|Oregon State|Boise State
Charlie|Bostic III|Defense|San José State|
Jaxon|Player|Defense|Tulsa|Baylor
Erin|Collins|Offense|Northern Illinois|
Jason|Mercier|Defense|Florida International|Jackson State
Miles|Dickens|Defense|Georgia State|Northwestern State
Shannon|Bishop|Defense|Western Kentucky|Minnesota
Connor|Helsius|Defense|UTEP|
Gleson|Sprewell|Defense|Houston|
George|Qualls|Offense|Akron|
Kemore|Gamble|Offense|Florida|UCF
Chris|Shearin|Defense|Missouri|
Kelvin|Johnson|ILB|South Alabama|
Prudy|Calderon|Defense|Rice|
Jalen|Rayam|Defense|UAB|
DeZaun|Brooks|Defense|Eastern Michigan|
Elijah|Blades|Defense|Florida|Buffalo
Gavin|Hall|Offense|Toledo|
Ben|Bertram|Defense|New Mexico|
Alex|Navarro-Silva|Defense|Arizona|
Trey|Palmer|Offense|LSU|Nebraska
Jaquon|Griffin|Defense|Georgia Tech|
Keith|Harris|Defense|Utah State|
Mekhi|Miller|Defense|Miami (OH)|New Mexico State
Kaegun|Williams|Offense|San Diego State|
Kevin|Toth Jr.|Offense|Rutgers|Kent State
Tyrone|Taleni|Defense|Kansas State|USC
Taylor|Behl|Defense|Louisiana Monroe|
Nick|Roberts|Defense|Louisiana Monroe|SMU
Joseph|Bissinger|Offense|Virginia|SMU
Alan|Ali|Offense|SMU|TCU
Jacob|Isaia|Offense|Michigan State|Fresno State
Cammon|Cooper|Offense|Washington State|Hawai'i
Al'vonte|Woodard|Offense|Texas|Sam Houston State
Cauren|Lynch|Offense|Toledo|
Caleb|Johnson|Defense|Auburn|
Gary|Smith|Defense|Duke|UCLA
Carter|Boatwright|Offense|Florida State|Florida Atlantic
Chris|King|Defense|Buffalo|
Dashaun|Jerkins|Defense|Vanderbilt|Ole Miss
EJ|Ane|Defense|San José State|Portland State
Nicholas|Nakwaasah|Defense|Central Arkansas|North Texas
Trevor|Bycznski|PRO|Buffalo|Ashland
Zach|Williams|Offense|Arizona|
Dre|Butler|Defense|Auburn|Liberty
Dylan|Mayginnes|Offense|Washington State|Montana
Wyatt|Walton|Offense|Ohio|
Chase|Atkinson|Defense|Syracuse|
Laiatu|Latu|Defense|Washington|UCLA
Trey|Benson|Offense|Oregon|Florida State
Khalid|Martin|Defense|NC State|
Jermaine|Hamilton-Jordan|Defense|Arkansas|
Dave|Monnot III|Offense|Purdue|
Dreyden|Norwood|Defense|Texas A&M|Missouri
Geordon|Porter|Offense|Arizona State|New Mexico
James|Faminu|Offense|Houston|Temple
Michel|Dukes|Offense|Clemson|South Florida
Koy|Moore|Offense|LSU|Auburn
Charlie|Brewer|Offense|Utah|Liberty
Seth|Hayes|Offense|Arkansas State|
Marquez|Ezzard|Offense|Georgia Tech|
RaJae|Johnson|Offense|UAB|Troy
Tylus|Hancock|Defense|Florida State|
Ray|Curry Jr.|Offense|Arkansas|
Jamin|Graham|Defense|Nebraska|
Champ|Flemings|Offense|Oregon State|Arkansas State
William|Racely|Offense|Eastern Michigan|
David|Watson|Offense|Arizona|
Grady|Robison|Offense|Western Kentucky|
Isaiah|Norman|Defense|Austin Peay|Marshall
Jaren|Banks|Defense|Rice|
Xavier|Hinkle|Defense|New Mexico State|
Joey|Hobert|Offense|Washington State|Utah Tech
Miles|Fallin|Offense|Kansas|
Ashaad|Clayton|Offense|Colorado|Tulane
Enock|Makonzo|Defense|Coastal Carolina|Professional
Lawrence|Keys III|Offense|Notre Dame|Tulane
Todd|Sibley|Offense|Pittsburgh|Albany
Giovanni|Iovino|Defense|Washington State|
Michael|Shanahan|Offense|UT Martin|Texas Tech
KD|McDaniel|Defense|Kentucky|UCF
Taishan|Holmes|Defense|UMass|Northwestern
Bru|McCoy|Offense|USC|Tennessee
Austin|Henderson|Offense|Minnesota|Liberty
Jimmy|Fritzsche|Offense|Nebraska|
Tillman|Weaver|Defense|Ohio|
Cade|Cadam|Offense|Arizona State|
Dillon|Thomas|Defense|Northern Illinois|
Miles|Banks|Offense|UTEP|
Darryl|Jones|Offense|Maryland|NC State
AJ|Snow|Offense|Air Force|
Kane|Patterson|Defense|Clemson|Vanderbilt
Cross|Patton|Offense|Oregon|Nevada
Thomas|Joe-Kamara|Defense|Temple|Monmouth
Corbet|Mims|Defense|Arkansas State|Memphis
Gabe|Brown|Offense|Bowling Green|Grand Valley State
Kyle|Vantrease|Offense|Buffalo|Georgia Southern
Josiah|Miamen|Offense|Iowa|Florida International
Jamal|Camp|Offense|Georgia Tech|The Citadel
Mark|Redman|Offense|Washington|San Diego State
Jafar|Armstrong|Offense|Illinois|Western Illinois
Jacob|Gardner|Offense|Nevada|Colorado State
Ishmael|Sopsher|Defense|USC|Southwest Mississippi C.C.
Antwane|Wells|Offense|James Madison|South Carolina
Jordan|Watkins|Offense|Louisville|Ole Miss
Jacob|Rodriguez|Offense|Virginia|Texas Tech
Latrell|Fordham|Offense|Eastern Michigan|
Cameron|Wiley|Offense|Minnesota|Akron
Jadon|Haselwood|Offense|Oklahoma|Arkansas
Lamar|Mullins|Defense|Georgia State|Florida A&M
Joey|Gatewood|Offense|Kentucky|UCF
Sterling|Galban|Offense|Texas Tech|Jacksonville State
Dezmon|Jackson|Offense|Oklahoma State|Sam Houston State
Isaiah|Gibson|Defense|Kentucky|Marshall
RJ|Orebo|Defense|Texas A&M|Southern Illinois
Tyrone|Truesdell|Defense|Auburn|Florida
Alex|Harper|LS|North Carolina Central|East Carolina
Evan|Deckers|LS|UMass|Duke
Dan|Villari|Offense|Michigan|Syracuse
Joe|Ervin|Offense|Kansas State|Middle Tennessee
JaQwondis|Burns|Defense|Minnesota|SMU
Michael|Scott|Defense|Akron|South Dakota
Emmanuel|Logan-Greene|Offense|New Mexico|
Nolan|Johnson|Defense|East Carolina|Miami (OH)
Peyton|Powell|Defense|Rutgers|Cisco College
Tanner|McCalister|Defense|Oklahoma State|Ohio State
Michael|Pleas|Defense|Southern Mississippi|Jackson State
Joseph|Boletepeli|Defense|Maryland|
Zach|Perkins|Offense|Maryland|South Florida
Dimitri|Moore|Defense|Missouri State|Texas Tech
Collin|James|Offense|Abilene Christian|New Mexico
M.J.|Frazier|Offense|North Carolina A&T|Valdosta State
Anthony|Ward|Defense|Washington|
Chase|Locke|Offense|USC|
Miles|Adams|Defense|Rice|
William|Green|Defense|Liberty|Nevada
Ar'Quel|Smith|Defense|Iowa State|
Mitchell|Gorgas|Offense|Maryland|
Charlie|Gray|Defense|Marshall|Marshall
Bentley|Hanshaw|Offense|BYU|Liberty
Fredrick|Smith|Defense|Southern Mississippi|
Jaillen|Howze|Defense|Buffalo|
Alec|Pell|Defense|Colorado|Northern Colorado
Wyatt|Blake|Offense|Northwestern|
Jamar|Richardson|Offense|Ole Miss|South Alabama
Jeremy|Singleton|Offense|Houston|Georgia Southern
Traveon|Freshwater|Defense|East Carolina|Elizabeth City State
Isiah|Cox|Offense|Ohio|Alabama A&M
Alonso|Person|Defense|Kansas|
Riley|Keller|Offense|Bowling Green|Tiffin University
Jakolby|Longino|Offense|UTEP|Lamar
Jesson|Walker|Defense|Florida International|
Gurvan|Hall|Defense|Miami|Utah State
Eugene|Asante|Defense|North Carolina|Auburn
Terrence|Lewis|Defense|Maryland|UCF
Myles|Brooks|Defense|Stephen F. Austin|Louisiana Tech
Tre'Jon|Lewis|Defense|Texas Tech|
Xavier|Williams|Offense|Alabama|Utah State
Adonicas|Sanders|Offense|Georgia Tech|Temple
Trimarcus|Cheeks|ATH|Samford|Houston
Jagger|LaRoe|Offense|Ohio State|
Deajaun|McDougle|Offense|Maryland|Tulane
Danny|Joiner|Offense|Army|
Kyle|Cass|Defense|Mississippi State|
Bryce|Austin|Defense|Purdue|Western Michigan
Christopher|Oliver|Offense|Bowling Green|
Halid|Djibril|Defense|Washington State|
JD|Head|Offense|Louisiana Tech|North Texas
Dalton|Tomlison|Offense|UMass|Western Carolina
Beau|Taylor|Offense|UCLA|Ball State
Ben|Bohnenberger|OG|Colgate|UMass
Tashawn|Manning|Defense|Auburn|Kentucky
Shakel|Brown|Defense|Troy|Troy
Brandy|Okeke|Defense|Washington State|
Shanon|Reid|Defense|Illinois State|SMU
Christopher|Jackson|Offense|BYU|Hawai'i
Tylan|Hines|Offense|Air Force|Hawai'i
Jordan|Lee|Defense|Nevada|Washington State
Jack|Green|Offense|South Alabama|Central Arkansas
Isaiah|Cromarty|Defense|South Florida|
Spencer|Rattler|Offense|Oklahoma|South Carolina
Chuck|Filiaga|Offense|Michigan|Minnesota
Henry|Garrison|Defense|East Carolina|
Jaeger|Bull|Offense|Rice|Wake Forest
Isaiah|Holiness|Offense|San José State|UMass
Rashard|Jackson|Offense|Maryland|
Herman|McCray|Offense|Georgia State|Limestone College
Brandon|Joseph|Defense|Northwestern|Notre Dame
Logan|Kraut|Defense|Arizona|
Camron|Buckley|Offense|Indiana|Jackson State
C.J.|Hayes|Offense|Michigan State|Syracuse
Messiah|Swinson|Offense|Missouri|Arizona State
Noah|Bean|Offense|UNLV|
Latarie|Kinsler|Defense|Syracuse|Florida International
Austin|Stogner|Offense|Oklahoma|South Carolina
Dylan|McDuffie|Offense|Buffalo|Georgia Tech
Odieu|Hilaire|Offense|Alabama A&M|Bowling Green
Devin|Bush|Defense|Arkansas|Grambling
Ian|Stewart|Offense|Michigan State|Temple
Jojo|Forest|Defense|Oregon State|Hawai'i
Jake|Mann|LS|Oklahoma|Appalachian State
Jackson|Sirmon|Defense|Washington|California
Jack|Beresford|Defense|Washington State|
Cade|Parrish|Offense|BYU|Utah State
Brady|Boyd|Offense|Minnesota|Texas Tech
Izaiah|Reed|Defense|Murray State|New Mexico State
Dwight|McGlothern|Defense|LSU|Arkansas
Ishmael|Burdine|Defense|Missouri|TCU
Anthony|Britton|Defense|The Citadel|Southeastern Louisiana
Jackson|Schott|Defense|Miami (OH)|
Moses|Douglass|Defense|Kentucky|Alabama A&M
Beau|Corrales|Offense|North Carolina|SMU
Mateo|Sudipo|Defense|Coastal Carolina|
Zach|Wilson|Offense|USC|
Zack|Annexstad|Offense|Minnesota|Illinois State
Michael|Graham|Defense|Hawai'i|
Trey|LaBounty|WDE|Stanford|
Eric|Black|Defense|Buffalo|
Titus|Mokiao-Atimalala|Offense|UCF|UCLA
Dimitri|Stanley|Offense|Colorado|Iowa State
Anthony|Romphf|Defense|Purdue|Western Michigan
Grant|Hidalgo|Offense|Illinois|Auburn
Justin|Marshall|Offense|Louisville|Buffalo
Jordan|Huff|Defense|Georgia Tech|
Trevon|Booker|Defense|Miami (OH)|
Pierce|Devaughn|Defense|Connecticut|
Jordyn|Williams|Offense|Indiana|Jackson State
Trey|Morrison|Defense|North Carolina|Oklahoma
Tico|Brown|Defense|Central Michigan|Missouri State
Preston|Hutchinson|Offense|Eastern Michigan|Chattanooga
Michael|Bowe|Defense|New Mexico State|
Michael|Gravely Jr.|Defense|Michigan State|
Donte|Burton|Defense|Wisconsin|
Simon|Thompson|Defense|Utah State|
Amir|Riep|Defense|Ohio State|
Brendon|Harris|Defense|Vanderbilt|Wake Forest
Stetson|Moore|Offense|Liberty|
Regen|Terry|Defense|Arizona|Boston College
AJ|Roberts|Defense|Pittsburgh|Stony Brook
Tyler|Hudson|Offense|Central Arkansas|Louisville
Sione|Finau|Offense|Florida International|Purdue
Dontay|Hunter II|Defense|Purdue|Ohio
Jalen|Paxton|Offense|Tulsa|
Ty|Barron|Defense|Minnesota|
Jayden|de Laura|Offense|Washington State|Arizona
Charlie|Browder|Offense|UCF|Tennessee
Taylor|Powell|Offense|Troy|Eastern Michigan
Dylan|McGill|Offense|Minnesota|Pittsburg State
Mike|Lofton|Offense|UCF|South Florida
Mark|Jackson Jr.|Defense|TCU|Western New Mexico
Cole|Snyder|Offense|Rutgers|Buffalo
Karon|Prunty|Defense|South Carolina|North Carolina A&T
Anthony|Earle|OG|Florida Atlantic|
Eric|Taylor|Defense|LSU|
Ben|Bryant|Offense|Eastern Michigan|Cincinnati
Harrison|Bailey|Offense|Tennessee|UNLV
Edgar|Burrola|Offense|Arizona|
Patrick|Fields|Defense|Oklahoma|Stanford
Mark|Williams|Offense|Kent State|
Sterlin|Ortiz|Defense|Hawai'i|
Shaun|Peterson Jr.|Offense|Florida International|
Joseph Appiah|Darkwa|Defense|Penn State|Temple
Hekili|Keliiliki|Offense|Hawai'i|
Kayden|Lyles|Offense|Wisconsin|Florida State
Terrell|Brown|Offense|Houston|Trinity Valley C.C.
Tim|Terry|Defense|Buffalo|Akron
John|Waller|Defense|South Florida|
Mekhi|Wingo|Defense|Missouri|LSU
Jake|Siegal|Defense|Washington State|
Keyon|Blankenbaker|Defense|Wyoming|Texas Tech
Kila|Kamakawiwo'ole|Defense|Hawai'i|
Donavon|Johnson|Offense|Coastal Carolina|
Mark|Perry|Defense|Colorado|TCU
Josh|Manchigiah|Defense|South Dakota State|South Dakota
Gerard|Joseph|Defense|UTEP|
Trinity|Bell|Offense|Tennessee|Iowa Western C.C.
Canaan|Yarro|OC|Southern Utah|New Mexico State
Alec|Bornhorst|Offense|Miami (OH)|
Jack|Powers|Defense|Nevada|East Carolina
Jayden|Simon|Defense|Colorado|Tulsa
Jake|Lichtenstein|Defense|USC|Miami
Ahmani|Marshall|Offense|Wake Forest|Appalachian State
Jesse|Vasquez|LS|Utah State|
Marvin|Scott III|Offense|Nebraska|Florida Atlantic
Larry|Dowdy|Offense|Appalachian State|Gardner-Webb
David|Beckum|Defense|Ole Miss|
Carlos|Becker|Defense|Florida State|
Rayvon|Crum|Offense|North Texas|
Amir|Siddiq|Defense|Central Michigan|Charlotte
Sevion|Morrison|Offense|Nebraska|Kansas
Navonteque|Strong|Defense|LSU|
Leslie|Smith|Defense|Pittsburgh|
Michael|Dowell|Defense|Michigan State|Miami (OH)
Marquez|Bembry|Defense|Kentucky|Connecticut
Jalil|Clemons|Defense|Memphis|Southern Mississippi
Nesta Jade|Silvera|Defense|Miami|Arizona State
Antonio|Moultrie|Defense|UAB|Miami
Tylan|Grable|Offense|Jacksonville State|UCF
Deuce|Spann|Offense|Illinois|Florida State
Janari|Dean|Defense|Mississippi State|Southern Mississippi
Brandon|Moore|Defense|Florida State|
Shocky|Jacques-Louis|Offense|Pittsburgh|Akron
Terrell|Dawkins|Defense|NC State|South Carolina
Khalan|Griffin|ATH|Rice|Lamar
Derrick|Alston|Offense|East Carolina|
Cooper|Nelson|Offense|Wisconsin|
Shamar|Jones|Defense|Indiana|Chattanooga
Ricky|White|Offense|Michigan State|UNLV
Caleb|Blake|Defense|Florida State|
Mario|Love|Defense|NC State|North Carolina A&T
Nick|Williams|Offense|Kansas|
Pheldarius|Payne|Defense|Nebraska|Virginia Tech
Mycah|Pittman|Offense|Oregon|Florida State
Jeremy|Smith|Offense|Marshall|
Ali'Vonta|Wallace|Defense|Western Michigan|
Jurriente|Davis|Defense|Middle Tennessee|Jackson State
Desmond|Daniels|Offense|Louisville|
Gunnar|Holmberg|Offense|Duke|Florida International
Christian|Smith|Offense|Eastern Michigan|
Vinson|Brown|Defense|Southern Mississippi|
Steven|Parker|Defense|Kansas|Incarnate Word
Ty|Wise|Defense|Indiana|Miami (OH)
Jayion|McCluster|Defense|Florida State|
Kevin|Mensah|Offense|Connecticut|Professional
Juliano|Falaniko|Defense|USC|Idaho
Malakai|Salu|Defense|UNLV|
Jacoby|Windmon|Defense|UNLV|Michigan State
Pierce|Quick|Offense|Alabama|Georgia Tech
Travis|Tisdale|Offense|Kentucky|
Boone|Abbott|Offense|Hawai'i|Utah Tech
Remington|Lutz|Offense|Abilene Christian|Southern Illinois
Zacchaeus|McKinney|Defense|Hawai'i|Texas State
Bentavious|Thompson|Offense|UCF|
Jeremy|Lucien|Defense|Connecticut|Vanderbilt
Donovan|Dalton|Defense|Hawai'i|
Ja'Darien|Boykin|Defense|Middle Tennessee|
Chris|Carpenter|Offense|Colorado|UT San Antonio
Trevyn|Heil|Offense|Nevada|Colorado State
Christopher|Brooks|Offense|California|BYU
Baylor|Romney|Offense|BYU|
Da’Quan|Bailey-Brown|Offense|Southern Mississippi|
Christian|Hunter|Offense|Colorado State|
Abdoul|Kone|Defense|UMass|
Daniel|Caloca|DT|UNLV|
Zay|Peterson|Defense|Louisville|Middle Tennessee
Virdel|Edwards|Defense|Iowa State|Hawai'i
Lummie|Young|Defense|Duke|Tulane
Kristopher|Moll|Defense|UAB|Washington
Jordan|Redmond|Defense|Virginia|
Tatum|Bethune|Defense|UCF|Florida State
La'Vontae|Shenault|Offense|Colorado|Alabama State
Connor|Bazelak|Offense|Missouri|Indiana
Quillen|Howze|Defense|Buffalo|
Jonah|La'ulu|Defense|Hawai'i|Oklahoma
Jayden|Jernigan|Defense|Oklahoma State|Missouri
Deon|Jones|Defense|Boston College|James Madison
Jeremiah|Oatsvall|Offense|Memphis|
Jared|Wiley|Offense|Texas|TCU
Ivan|Pace Jr.|ILB|Miami (OH)|Cincinnati
Jack|Camper|Defense|Michigan State|Virginia
Tyler|Johnston|Offense|UAB|Towson
Cole|Garcia|Offense|Rice|UMass
Quinn|Carroll|Offense|Notre Dame|Minnesota
Levi|Williams|Offense|Wyoming|Utah State
Daveon|Hunter|Offense|Hawai'i|Liberty
Anthony|Switzer|Defense|Arkansas State|Utah State
Konata|Mumpfield|Offense|Akron|Pittsburgh
Saia|Mapakaitolo|Offense|Minnesota|
Malcolm|Davidson|Offense|Florida Atlantic|
Nnamdi|Adim-Madumere|Offense|Minnesota|Central Arkansas
Dominic|Collado|Offense|Miami (OH)|
Reese|Taylor|Defense|Indiana|Purdue
Ilaisa|Gonebure|Defense|San Diego State|
Bless|Harris|Offense|Lamar|Florida State
Hayden|Neighbors|Offense|Middle Tennessee|
Marcus|Tillman Jr.|Defense|Texas|
Brian|Pierce|Offense|UC Davis|
Charlie|Ely|Defense|Ball State|
Marcelo|Mendiola|Offense|Cincinnati|Bowling Green
Peny|Boone|Offense|Maryland|Toledo
Ger-Cari|Caldwell|Offense|South Carolina|
Michael|Onyemaobi|Defense|TCU|
Earl|Barquet|Defense|TCU|USC
DaMarcus|Thomas|Offense|Ole Miss|South Alabama
Justin|Menard|Offense|UCF|
Nick|Mardner|Offense|Hawai'i|Cincinnati
Ben|Johnson|Offense|Marist|East Carolina
Gabriel|Wallace|OG|Buffalo|Buffalo
Ryan|Swoboda|Offense|Virginia|UCF
Michael|Mathison|Offense|Akron|Western Kentucky
Tyler|Kiehne|Defense|UCLA|New Mexico
Joey|Capra|Offense|San Diego State|Nevada
Chris|Clancy Ojoh|Defense|New Mexico State|New Mexico State
Jared|Casey|Defense|Kentucky|Indiana
Isaiah|Neyor|Offense|Wyoming|Texas
Caleb|Snead|Offense|Campbell|Liberty
Jacob|Sirmon|Offense|Central Michigan|Northern Colorado
Parker|McQuarrie|Offense|UCLA|Independence C.C.
Kariem|Al Soufi|Offense|Virginia|
Wankeith|Akin|Defense|Buffalo|
Avery|Demmons|Offense|Arkansas State|
Kenneth|Dicks III|Defense|Wake Forest|
Chubba|Purdy|Offense|Florida State|Nebraska
Emmanuel|Appiah-Takyi|Defense|UCF|
Layne|Hatcher|Offense|Arkansas State|Texas State
Aaron|Faumui|Defense|Virginia|Virginia
Casey|Thompson|Offense|Texas|Nebraska
Liam|Douglass|Offense|USC|UCLA
Jaylon|Baker|Defense|Virginia|Virginia
Jaylen|Hall|Offense|Western Michigan|Western Kentucky
Lyn-J|Dixon|Offense|West Virginia|Tennessee
Logan|Kendall|Offense|Idaho|Utah
Dominique|Ratcliff|Defense|Louisiana|Texas State
Tee|Denson|Defense|Kansas State|Purdue
Shamar|Martin|Defense|UCLA|
Ke'von|Ahmad|Offense|UCF|
Antonio|Doyle|Defense|Texas A&M|Jackson State
Syrus|Dumas|Defense|New Mexico State|
Sinjun|Astani|Defense|San José State|USC
Hunter|Echols|Defense|USC|Arizona
Ian|Deneen|LS|South Florida|
Tory|Horton|ATH|Nevada|Colorado State
Isaiah|Johnson|Defense|Fresno State|Fresno State
Cameron|Lockridge|Defense|Hawai'i|Fresno State
Zach|Gibson|Offense|Akron|Georgia Tech
Kalon|Gervin|Defense|Michigan State|Kansas
Jalen|Goss|Offense|Florida State|Florida A&M
Adrian|Cole|Defense|Syracuse|Florida International
Luke|Benson|Offense|Syracuse|Georgia Tech
Jaden|Mitchell|Offense|Arizona|Texas State
Craig|Young|Defense|Ohio State|Kansas
Terrence|Cooks|Defense|Texas|TCU
Terrell|Warner|Offense|New Mexico State|
Sam|Taimani|Defense|Washington|Oregon
Anthony|Crider|Defense|Toledo|
Miles|Kendrick|Offense|Kansas|New Mexico
Shayne|Simon|Defense|Notre Dame|Pittsburgh
Almosse|Titi|Defense|Maryland|
Jacob|Zeno|Offense|Baylor|UAB
Dartanyan|Tinsley|Offense|Kentucky Christian|Cincinnati
Juwaun|Price|Offense|New Mexico State|Syracuse
Victor|Oluwatimi|Offense|Virginia|Michigan
Daeshawn|Davis|ATH|Iowa State|Southern
Quentin|Williams|Defense|Miami|Marshall
Kobay|White|Offense|Boston College|Maine
Jacobi|Johnson|Defense|North Texas|
Kyle|King|Defense|Michigan State|Ball State
Jason|Brown|Offense|South Carolina|Virginia Tech
Josh|Henderson|Offense|North Carolina|Indiana
Joshua|Hayes|Defense|Virginia|Kansas State
Breylon|Garcia|Defense|Nevada|Nevada
Jevyon|Ducker|Offense|Northern Illinois|Memphis
Adrian|Martinez|Offense|Nebraska|Kansas State
Isaiah|Richardson|Defense|Rice|
Blake|Aragon|Offense|Texas State|
Ira|Armstead|Offense|Virginia|Eastern Illinois
Rafiti|Ghirmai|Offense|Texas|
Parker|Moorer|Offense|West Virginia|East Carolina
Ladarius|Tennison|Defense|Auburn|Ole Miss
Khameron|Taylor|Offense|Indiana|Missouri State
Devon|Robinson|Defense|Memphis|Akron
Houston|Heimuli|Offense|Stanford|BYU
JH|Tevis|Defense|California|Indiana
Jalon|Ferrell|Defense|Connecticut|UMass
Jalen|Berger|Offense|Wisconsin|Michigan State
M.J.|Griffin|Defense|Temple|Louisville
Thomaz|Whitford|Offense|New Mexico State|New Mexico State
Joel|Felder|ATH|Florida International|
Taj|Harris|Offense|Syracuse|Rutgers
Conrad|Hawley|Offense|Kansas|Iowa State
Khalan|Laborn|Offense|Florida State|Marshall
Chevan|Cordeiro|Offense|Hawai'i|San José State
Kedon|Slovis|Offense|USC|Pittsburgh
Kelvin|Clemmons|Defense|Houston|
Farrell|Hester|Defense|UNLV|
Jamahl|Horne|Offense|Kansas|
C.J.|Onyechi|Defense|Rutgers|Colorado State
Jaleel|McRae|Defense|Florida State|Florida Atlantic
Paul|Tchio|Offense|Clemson|Georgia Tech
Marcus|Bradley|Defense|Vanderbilt|UMass
Cooper|Lutz|Offense|Syracuse|Vanderbilt
Jack|Sears|Offense|Boise State|
Naasir|Watkins|Offense|Kentucky|Liberty
James|Miller|Defense|Indiana|South Alabama
Jonah|Johnson|Offense|New Mexico State|
Josh|Newton|Defense|Louisiana Monroe|TCU
Jackson|Hannah|Defense|Nebraska|Tennessee
Andy|Boykin|Defense|Arkansas|
Rhedi|Short|Defense|Arizona|
Linwood|Crump|Defense|Colorado State|
Hunter|Anthony|Offense|Oklahoma State|Nebraska
Chase|Williams|Defense|USC|San José State
Gavin|Reinwald|Offense|California|
Corey|Gaynor|Offense|Miami|North Carolina
Jack|Miller|Offense|Ohio State|Florida
Jared|Behrens|Defense|Navy|
Derek|Ferraro|Offense|Rice|
Isaiah|Garcia-Castaneda|Offense|New Mexico State|Nebraska
Pierce|Withers|Defense|Florida International|Florida International
Andres|Fox|Defense|Stanford|Fresno State
Jatorian|Hansford|Defense|Missouri|South Florida
Cooper|McDonald|Defense|Washington|San Diego State
Bryce|Petersen|Offense|San José State|Nevada
Ira|Henry III|Offense|Florida State|Memphis
Tommi|Hill|Defense|Arizona State|Nebraska
Jahmar|Brown|Defense|South Carolina|Coastal Carolina
Cade|Briggs|Offense|New Mexico|Texas Tech
Patrick|Jenkins|Defense|TCU|Tulane
Shaun|Shivers|ATH|Auburn|Indiana
Joshua|Moore|Offense|Texas|
Jordan|Banks|Defense|Arizona State|Northwestern State
Davion|Ervin-Poindexter|Offense|Indiana|Western Kentucky
Ta'Quan|Roberson|Offense|Penn State|Connecticut
Keontez|Lewis|Offense|UCLA|Wisconsin
Jackson|Bratton|Defense|Alabama|UAB
Deion|Smith|Offense|LSU|
Ray|Thornton|Defense|Clemson|South Florida
James|Wright|Defense|Kansas|Iowa Western C.C.
Monte|Williams|Offense|UT San Antonio|Tyler J.C.
Tru|Thompson|Defense|Florida State|Jackson State
Marquez|Bell|Offense|Cincinnati|Old Dominion
Marques|Caldwell|Defense|Texas|
Rourke|Freeburg|Defense|Arizona|Toledo
Khris|Bogle|Defense|Florida|Michigan State
Daniel|Parker|Offense|Missouri|Oklahoma
Landon|Morris|Offense|Syracuse|Utah
Branden|Jennings|Defense|Kansas State|UCF
